Date,Date of Birth,Student First Name,Student Last Name,Grade,Parent Phone Number,Parent First Name,Parent Last Name,Parent Email,Emergency Contact Phone Number,Emergency Contact First Name,Emergency Contact Last Name,Shirt Size,Short Size
02/21/2025 11:13:50 AM,2013-04-29, Riley,Adams,5, (361) 889-8429,Jessica,Clark, jessica.clark@mail.com, (140) 685-5223,Donald,Martinez,Youth Medium,Youth Medium
02/21/2025 11:15:00 AM,2010-01-12, Jordan,Bailey,3, (911) 500-9414,Patricia,White, patricia.white@mail.com, (909) 202-9067,Sarah,Jackson,Adult Medium,Adult Medium
02/24/2025 10:50:27 AM,2012-01-16, Avery,Bennett,7, (990) 955-3049,George,Gonzalez, george.gonzalez@example.com, (836) 720-2014,Barbara,Anderson,Youth Large,Youth Large
02/25/2025 09:39:49 AM,2010-09-27, Taylor,Brooks,3, (668) 743-3891,Mary,Garcia, mary.garcia@example.com, (729) 258-3766,Daniel,Hernandez,Youth Medium,Youth Medium
02/25/2025 09:39:56 AM,2012-12-16, Morgan,Campbell,2, (332) 723-2461,John,Anderson, john.anderson@mail.com, (935) 395-1762,Dorothy,Brown,Youth Medium,Youth Medium
02/26/2025 04:07:06 PM,2015-12-21, Quinn,Carter,2, (787) 367-5587,John,Lewis, john.lewis@demo.org, (255) 714-5661,Joseph,Lee,Youth Small,Youth Small
02/26/2025 04:07:06 PM,2012-12-01, Casey,Collins,7, (137) 620-6458,James,Ramirez, james.ramirez@test.net, (442) 810-4376,Robert,Ramirez,Youth Large,Youth Large
02/26/2025 04:07:06 PM,2013-05-09, Alex,Cooper,5, (775) 203-6644,Mary,Davis, mary.davis@example.com, (516) 149-9795,David,Jackson,Youth Medium,Youth Medium
02/26/2025 04:07:13 PM,2010-10-27, Cameron,Davis,1, (394) 844-6804,William,Ramirez, william.ramirez@test.net, (113) 824-1676,Robert,Davis,Youth Medium,Youth Medium
02/27/2025 12:52:50 PM,2013-10-18, Skyler,Edwards,6, (829) 310-9737,Daniel,Johnson, daniel.johnson@test.net, (463) 119-3456,Karen,Martin,Youth XLarge,Youth XL
02/27/2025 12:53:14 PM,2013-09-11, Devon,Evans,3, (674) 673-1492,Margaret,Martinez, margaret.martinez@example.com, (193) 969-2435,Thomas,Martin,Youth Medium,Youth Small
02/27/2025 12:53:14 PM,2012-07-26, Jamie,Fisher,2, (366) 867-4016,Jennifer,White, jennifer.white@test.net, (785) 209-2393,Paul,Williams,Youth Small,Youth Small
02/27/2025 12:53:38 PM,2014-10-14, Drew,Foster,4, (771) 855-2359,John,Hernandez, john.hernandez@demo.org, (146) 781-1088,John,Martinez,Youth Medium,Youth Medium
02/27/2025 12:53:50 PM,2014-04-26, Logan,Garcia,5, (129) 879-8982,Patricia,Johnson, patricia.johnson@example.com, (843) 659-7552,Donald,Hernandez,Youth Medium,Youth Medium
02/27/2025 12:54:03 PM,2015-04-19, Reese,Gray,3, (878) 806-5431,George,Wilson, george.wilson@test.net, (486) 880-2514,Betty,Lee,Youth Medium,Youth Medium
02/28/2025 10:02:38 AM,2012-12-06, Rowan,Green,6, (321) 680-3064,Jessica,Davis, jessica.davis@example.com, (175) 453-2736,Charles,Ramirez,Youth Small,Youth Small
02/28/2025 10:02:48 AM,2010-03-05, Peyton,Hall,3, (860) 555-5800,Elizabeth,Taylor, elizabeth.taylor@mail.com, (460) 625-9032,Michael,Moore,Youth Medium,Youth Medium
02/28/2025 10:02:48 AM,2014-07-28, Dakota,Harris,1, (562) 409-7483,Nancy,Garcia, nancy.garcia@mail.com, (307) 152-3666,Mary,Sanchez,Youth Small,Youth Small
02/28/2025 10:03:01 AM,2010-12-26, Finley,Hayes,1, (822) 591-8921,Betty,Moore, betty.moore@mail.com, (229) 778-4334,Jessica,Lewis,Youth Medium,Youth Medium
02/28/2025 10:03:12 AM,2012-04-11, Marley,Hill,2, (488) 116-5131,Linda,Miller, linda.miller@mail.com, (978) 749-8693,Lisa,Miller,Youth Medium,Youth Medium
02/28/2025 10:03:18 AM,2013-06-13, Emerson,Hughes,4, (304) 956-5892,Richard,Johnson, richard.johnson@demo.org, (907) 417-9392,Christopher,Lopez,Adult Small,Adult Small
02/28/2025 10:03:26 AM,2011-02-15, Riley,James,3, (456) 379-5748,Paul,White, paul.white@test.net, (377) 102-6199,Patricia,Sanchez,Youth Small,Youth Small
02/28/2025 10:03:26 AM,2015-05-08, Lennon,Jenkins,5, (803) 270-4829,Sandra,Brown, sandra.brown@test.net, (870) 365-7220,Mary,Miller,Youth Medium,Youth Medium
02/28/2025 10:03:36 AM,2015-05-02, River,Kelly,1, (758) 524-8532,Barbara,Lee, barbara.lee@test.net, (842) 622-9567,Richard,Lewis,Youth Small,Youth Small
02/28/2025 10:03:42 AM,2014-02-02, Sawyer,King,5, (995) 972-9249,Mark,Miller, mark.miller@mail.com, (523) 800-5368,George,Anderson,Youth Large,Youth Medium
02/28/2025 10:03:42 AM,2014-12-30, Dakota,Lee,8, (654) 560-1748,Mark,Robinson, mark.robinson@mail.com, (780) 138-7734,Robert,Lee,Youth XLarge,Youth Large
02/28/2025 10:36:33 AM,2014-08-21, Phoenix,Lewis,1, (334) 466-2746,Donald,Wilson, donald.wilson@mail.com, (658) 586-7297,Paul,Johnson,Youth Small,Youth Small
03/03/2025 09:12:32 AM,2014-04-14, Jules,Long,3, (357) 769-4931,Mary,White, mary.white@test.net, (628) 580-3943,Elizabeth,Gonzalez,Youth Small,Youth Small
03/03/2025 09:12:51 AM,2014-05-17, Blake,Martin,3, (285) 881-7565,Sandra,Harris, sandra.harris@example.com, (358) 547-9776,Margaret,Thomas,Youth Large,Youth Large
03/03/2025 09:14:15 AM,2013-08-29, Charlie,Mitchell,3, (366) 725-1397,Mary,Clark, mary.clark@mail.com, (900) 869-1065,Sandra,White,Youth Medium,Youth Medium
03/03/2025 09:14:41 AM,2014-05-19, Justice,Morris,6, (186) 829-3033,Linda,Rodriguez, linda.rodriguez@mail.com, (754) 966-8288,Dorothy,Hernandez,Youth Medium,Youth Medium
03/03/2025 09:14:55 AM,2013-09-18, Jude,Parker,1, (114) 598-9367,Lisa,Thomas, lisa.thomas@test.net, (825) 183-7992,Sarah,White,Youth Small,Youth Medium
03/03/2025 09:15:07 AM,2012-10-03, Micah,Reed,7, (615) 802-8149,Richard,Martinez, richard.martinez@mail.com, (288) 552-3536,John,Lee,Youth Small,Youth Small
03/03/2025 09:15:24 AM,2014-05-12, Tatum,Rivera,4, (371) 131-6652,Robert,Martin, robert.martin@mail.com, (860) 594-5278,Donald,Lopez,Youth Medium,Youth Medium
03/03/2025 09:15:24 AM,2014-12-29, Oakley,Ross,4, (600) 691-6236,Sarah,Thomas, sarah.thomas@demo.org, (789) 396-3170,Barbara,Brown,Youth Medium,Youth Medium
03/03/2025 09:18:15 AM,2014-05-06, Ellis,Scott,6, (535) 620-1082,Betty,Ramirez, betty.ramirez@demo.org, (907) 642-2394,Barbara,Gonzalez,Youth Large,Youth Large
03/03/2025 09:18:33 AM,2010-10-08, Indigo,Turner,2, (624) 815-1373,Donald,Perez, donald.perez@example.com, (782) 379-7293,Barbara,Lopez,Youth Large,Youth Large
03/03/2025 09:21:20 AM,2013-07-16, Lennon,Ward,4, (139) 891-9758,Daniel,Taylor, daniel.taylor@test.net, (108) 263-4603,Robert,Brown,Youth Small,Youth Small
