Date,Order #,Receipt ID,User,Department,Product,Promo Code,G/L Account,Student Name,Student #,Student Type,School,Grade,Homeroom,Payment Method,Status,ACH Status,Comment,Payment on Account,Batch ID,Batch Date,Confirmed,Txn Source,Sales Tag,Reference,Other,Other 1,Other 2,Other 3,Other 4,Other 5,Other 6,Other 7,Other 8,Other 9,Other 10
08/29/2024 08:24:18 AM,44RFA88TT0U927F,JRP206AJBMIS371,"Rose, Brian",Athletics,CYO Basketball 24-25 Students-3rd to 8th grade,,,"Rose, Rowan",1001,student,UCS-Middle School,6,"Mrs. H, Rm. S34",School Store,Settled,settled,,50.00,7969772,09/09/2024 08:00:00 AM,,Website,,ZZ6031PV11SQ6V8,Date of Birth:2010-07-11,Grade Level:6,Parent/Guardian Name:Brian Rose,Parent Phone Number:(671)-192-8961,Parent Email:brian.rose@gmail.com,Emergency Contact (If parent can't be reached):Veronica Odom,Emergency Contact Phone Number:(134)-174-7864,Shirt Size:Youth Large,Short Size:Youth Large,I have read the Athletic Agreement:Yes,I have read the Athletic Uniform and Equipment agreement:Yes
08/29/2024 08:24:18 AM,44RFA88TT0U927F,JRP206AJBMIS371,"Bright, Michael",Athletics,CYO Basketball 24-25 Students-3rd to 8th grade,,,"Bright, Skyler",1002,student,UCS-Elementary,3,"Ms. B, Rm. S59",School Store,Settled,settled,,50.00,7969772,09/09/2024 08:00:00 AM,,Website,,ZZ6031PV11SQ6V8,Date of Birth:2014-11-29,Grade Level:3,Parent/Guardian Name:Michael Bright,Parent Phone Number:(211)-706-9661,Parent Email:michael.bright@yahoo.com,Emergency Contact (If parent can't be reached):David Johnson,Emergency Contact Phone Number:(589)-535-1213,Shirt Size:Youth Medium,Short Size:Youth Medium,I have read the Athletic Agreement:Yes,I have read the Athletic Uniform and Equipment agreement:Yes
09/03/2024 08:44:48 AM,S8ORCAVYSL5LOBU,1D0YCIEK2ODD41C,"Williams, Natalie",Athletics,CYO Basketball 24-25 Students-3rd to 8th grade,,,"Williams, Marley",1003,student,UCS-Middle School,6,"Mr. L, Rm. S2",School Store,Settled,,,50.00,552370497,09/04/2024 01:20:00 AM,,Website,,ZZ6031PV11SQ6V8,Date of Birth:2011-12-15,Grade Level:6,Parent/Guardian Name:Natalie Williams,Parent Phone Number:(259)-264-4555,Parent Email:natalie.williams@gmail.com,Emergency Contact (If parent can't be reached):Shawn Oconnor,Emergency Contact Phone Number:(957)-950-1103,Shirt Size:Adult Medium,Short Size:Adult Medium,I have read the Athletic Agreement:Yes,I have read the Athletic Uniform and Equipment agreement:Yes
09/05/2024 11:17:16 AM,6B0ZLJ860W8XQXR,YCBE51HM5G7U5UX,"Irwin, Barbara",Athletics,CYO Basketball 24-25 Students-3rd to 8th grade,,,"Irwin, River",1004,student,UCS-Middle School,8,"Mrs. A, Rm. S45",School Store,Settled,settled,,50.00,7994537,09/13/2024 08:00:00 AM,,Website,,ZZ6031PV11SQ6V8,Date of Birth:2011-07-13,Grade Level:8,Parent/Guardian Name:Barbara Irwin,Parent Phone Number:(517)-629-3505,Parent Email:barbara.irwin@yahoo.com,Emergency Contact (If parent can't be reached):Juan Davis,Emergency Contact Phone Number:(345)-804-8076,Shirt Size:Adult Medium,Short Size:Adult Medium,I have read the Athletic Agreement:Yes,I have read the Athletic Uniform and Equipment agreement:Yes
09/05/2024 11:17:25 AM,9IO4I9WM0O4PN5K,6KKPG7Q4YQAD8YX,"Taylor, James",Athletics,CYO Basketball 24-25 Students-3rd to 8th grade,,,"Taylor, Lennon",1005,student,UCS-Middle School,6,"Mr. G, Rm. S8",School Store,Settled,,,50.00,553168565,09/06/2024 12:56:00 AM,,Website,,ZZ6031PV11SQ6V8,Date of Birth:2012-07-22,Grade Level:6,Parent/Guardian Name:James Taylor,Parent Phone Number:(533)-907-4631,Parent Email:james.taylor@hotmail.com,Emergency Contact (If parent can't be reached):Ashley White,Emergency Contact Phone Number:(600)-306-3851,Shirt Size:Youth Large,Short Size:Youth Large,I have read the Athletic Agreement:Yes,I have read the Athletic Uniform and Equipment agreement:Yes
09/06/2024 02:28:58 PM,35DC165BM97MA62,C6MFHHFIQ1JSAU9,"Hardy, Teresa",Athletics,CYO Basketball 24-25 Students-3rd to 8th grade,,,"Hardy, Tatum",1006,student,UCS-Elementary,4,"Ms. L, Rm. S56",School Store,Settled,,,50.00,553568191,09/07/2024 12:53:00 AM,,Website,,ZZ6031PV11SQ6V8,Date of Birth:2011-07-31,Grade Level:4,Parent/Guardian Name:Teresa Hardy,Parent Phone Number:(809)-451-2357,Parent Email:teresa.hardy@hotmail.com,Emergency Contact (If parent can't be reached):Ryan Adams,Emergency Contact Phone Number:(947)-800-5132,Shirt Size:Adult Medium,Short Size:Adult Medium,I have read the Athletic Agreement:Yes,I have read the Athletic Uniform and Equipment agreement:Yes
09/10/2024 03:31:32 PM,MBEN7K7HA2CG8L2,ASJI675FCBCVP5H,"Davis, Dean",Athletics,CYO Basketball 24-25 Students-3rd to 8th grade,,,"Davis, Morgan",1007,student,UCS-Middle School,7,"Mr. H, Rm. S26",School Store,Settled,,,50.00,555120950,09/11/2024 12:55:00 AM,,Website,,ZZ6031PV11SQ6V8,Date of Birth:2011-01-24,Grade Level:7,Parent/Guardian Name:Dean Davis,Parent Phone Number:(661)-619-7948,Parent Email:dean.davis@hotmail.com,Emergency Contact (If parent can't be reached):Mitchell Townsend,Emergency Contact Phone Number:(425)-463-2090,Shirt Size:Adult Small,Short Size:Adult Small,I have read the Athletic Agreement:Yes,I have read the Athletic Uniform and Equipment agreement:Yes
09/11/2024 01:32:08 PM,DTB1XJCJOBEVU7U,4UTE06ZRQP7YYKT,"Higgins, Kevin",Athletics,CYO Basketball 24-25 Students-3rd to 8th grade,,,"Higgins, Riley",1008,student,UCS-Elementary,5,"Mrs. N, Rm. S54",School Store,Settled,,,50.00,555285380,09/12/2024 12:54:00 AM,,Website,,ZZ6031PV11SQ6V8,Date of Birth:2013-04-23,Grade Level:5,Parent/Guardian Name:Kevin Higgins,Parent Phone Number:(374)-965-9762,Parent Email:kevin.higgins@gmail.com,Emergency Contact (If parent can't be reached):Stacey Moore,Emergency Contact Phone Number:(360)-554-5317,Shirt Size:Youth Medium,Short Size:Youth Medium,I have read the Athletic Agreement:Yes,I have read the Athletic Uniform and Equipment agreement:Yes
09/11/2024 01:32:08 PM,DTB1XJCJOBEVU7U,4UTE06ZRQP7YYKT,"Bradshaw, Nicholas",Athletics,CYO Basketball 24-25 Students-3rd to 8th grade,,,"Bradshaw, Dakota",1009,student,UCS-Elementary,3,"Ms. B, Rm. S59",School Store,Settled,,,50.00,555285380,09/12/2024 12:54:00 AM,,Website,,ZZ6031PV11SQ6V8,Date of Birth:2014-09-07,Grade Level:3,Parent/Guardian Name:Nicholas Bradshaw,Parent Phone Number:(276)-998-8845,Parent Email:nicholas.bradshaw@yahoo.com,Emergency Contact (If parent can't be reached):Jennifer West,Emergency Contact Phone Number:(542)-444-4403,Shirt Size:Youth Medium,Short Size:Youth Medium,I have read the Athletic Agreement:Yes,I have read the Athletic Uniform and Equipment agreement:Yes
09/12/2024 09:46:11 AM,LQ5G2VZ25K7NGSA,PNU72Q1XRIM7RFU,"Flowers, Zachary",Athletics,CYO Basketball 24-25 Students-3rd to 8th grade,,,"Flowers, Morgan",1010,student,UCS-Elementary,4,"Mrs. O, Rm. S51",School Store,Settled,,,50.00,555672138,09/13/2024 12:54:00 AM,,Website,,ZZ6031PV11SQ6V8,Date of Birth:2011-03-07,Grade Level:4,Parent/Guardian Name:Zachary Flowers,Parent Phone Number:(699)-233-3978,Parent Email:zachary.flowers@hotmail.com,Emergency Contact (If parent can't be reached):Terri Mckenzie,Emergency Contact Phone Number:(167)-809-8152,Shirt Size:Youth Large,Short Size:Youth Large,I have read the Athletic Agreement:Yes,I have read the Athletic Uniform and Equipment agreement:Yes
09/12/2024 09:51:00 AM,1GS3ELZU7JGJUX3,AXME66ZHVTY2SLW,"Bell, Andrew",Athletics,CYO Basketball 24-25 Students-3rd to 8th grade,,,"Bell, Morgan",1011,student,UCS-Elementary,4,"Ms. C, Rm. S52",School Store,Settled,,,50.00,555672138,09/13/2024 12:54:00 AM,,Website,,ZZ6031PV11SQ6V8,Date of Birth:2013-04-29,Grade Level:4,Parent/Guardian Name:Andrew Bell,Parent Phone Number:(183)-489-1900,Parent Email:andrew.bell@yahoo.com,Emergency Contact (If parent can't be reached):Carlos Craig,Emergency Contact Phone Number:(329)-905-9981,Shirt Size:Youth Large,Short Size:Youth Large,I have read the Athletic Agreement:Yes,I have read the Athletic Uniform and Equipment agreement:Yes
09/12/2024 09:52:22 AM,3MVCP1PQISJEBNF,F12Q958WBU6I6TA,"Green, Rebecca",Athletics,CYO Basketball 24-25 Students-3rd to 8th grade,,,"Green, Riley",1012,student,UCS-Middle School,7,"Mrs. A, Rm. S43",School Store,Settled,,,50.00,555672138,09/13/2024 12:54:00 AM,,Website,,ZZ6031PV11SQ6V8,Date of Birth:2010-01-12,Grade Level:7,Parent/Guardian Name:Rebecca Green,Parent Phone Number:(440)-222-3686,Parent Email:rebecca.green@gmail.com,Emergency Contact (If parent can't be reached):Alexandra Larson,Emergency Contact Phone Number:(931)-826-8674,Shirt Size:Adult Small,Short Size:Adult Small,I have read the Athletic Agreement:Yes,I have read the Athletic Uniform and Equipment agreement:Yes
09/12/2024 09:52:22 AM,3MVCP1PQISJEBNF,F12Q958WBU6I6TA,"Hammond, Lori",Athletics,CYO Basketball 24-25 Students-3rd to 8th grade,,,"Hammond, Marley",1013,student,UCS-Middle School,8,"Mr. L, Rm. S10",School Store,Settled,,,50.00,555672138,09/13/2024 12:54:00 AM,,Website,,ZZ6031PV11SQ6V8,Date of Birth:2012-01-16,Grade Level:8,Parent/Guardian Name:Lori Hammond,Parent Phone Number:(979)-568-9356,Parent Email:lori.hammond@yahoo.com,Emergency Contact (If parent can't be reached):John Schmidt,Emergency Contact Phone Number:(189)-322-5909,Shirt Size:Adult Medium,Short Size:Adult Medium,I have read the Athletic Agreement:Yes,I have read the Athletic Uniform and Equipment agreement:Yes
09/12/2024 09:52:22 AM,3MVCP1PQISJEBNF,F12Q958WBU6I6TA,"Davis, Benjamin",Athletics,CYO Basketball 24-25 Students-3rd to 8th grade,,,"Davis, Morgan",1014,student,UCS-Elementary,4,"Ms. C, Rm. S52",School Store,Settled,,,50.00,555672138,09/13/2024 12:54:00 AM,,Website,,ZZ6031PV11SQ6V8,Date of Birth:2010-09-27,Grade Level:4,Parent/Guardian Name:Benjamin Davis,Parent Phone Number:(849)-234-7801,Parent Email:benjamin.davis@hotmail.com,Emergency Contact (If parent can't be reached):Sherry Torres,Emergency Contact Phone Number:(849)-181-4022,Shirt Size:Youth Small,Short Size:Youth Small,I have read the Athletic Agreement:Yes,I have read the Athletic Uniform and Equipment agreement:Yes
09/12/2024 10:01:34 AM,VBUY2JEXPRBLFZ7,2EKLMEVM687QVB9,"Brock, William",Athletics,CYO Basketball 24-25 Students-3rd to 8th grade,,,"Brock, Sawyer",1015,student,UCS-Middle School,6,"Mr. G, Rm. S8",School Store,Settled,,,50.00,555672138,09/13/2024 12:54:00 AM,,Website,,ZZ6031PV11SQ6V8,Date of Birth:2012-12-16,Grade Level:6,Parent/Guardian Name:William Brock,Parent Phone Number:(166)-999-9676,Parent Email:william.brock@gmail.com,Emergency Contact (If parent can't be reached):Erin Graves,Emergency Contact Phone Number:(992)-826-8728,Shirt Size:Youth Medium,Short Size:Youth Medium,I have read the Athletic Agreement:Yes,I have read the Athletic Uniform and Equipment agreement:Yes
09/12/2024 10:11:03 AM,VP77K1I7BXUCIZ5,QREUWARC4M24D3A,"Reilly, Mike",Athletics,CYO Basketball 24-25 Students-3rd to 8th grade,,,"Reilly, Logan",1016,student,UCS-Middle School,7,"Mrs. H, Rm. S35",School Store,Settled,,,50.00,555672138,09/13/2024 12:54:00 AM,,Website,,ZZ6031PV11SQ6V8,Date of Birth:2015-12-21,Grade Level:7,Parent/Guardian Name:Mike Reilly,Parent Phone Number:(666)-934-2322,Parent Email:mike.reilly@gmail.com,Emergency Contact (If parent can't be reached):Denise Odom,Emergency Contact Phone Number:(564)-784-9244,Shirt Size:Adult Small,Short Size:Adult Small,I have read the Athletic Agreement:Yes,I have read the Athletic Uniform and Equipment agreement:No
09/12/2024 10:13:34 AM,4D5F17JYIDJ8SZ7,F5YRS5AOGQDSNUB,"Garcia, Nathan",Athletics,CYO Basketball 24-25 Students-3rd to 8th grade,,,"Garcia, Finley",1017,student,UCS-Elementary,5,"Mrs. I, Rm. S55",School Store,Settled,,,50.00,555672138,09/13/2024 12:54:00 AM,,Website,,ZZ6031PV11SQ6V8,Date of Birth:2012-12-01,Grade Level:5,Parent/Guardian Name:Nathan Garcia,Parent Phone Number:(811)-410-7201,Parent Email:nathan.garcia@hotmail.com,Emergency Contact (If parent can't be reached):Nicholas Coleman,Emergency Contact Phone Number:(613)-420-3883,Shirt Size:Youth Large,Short Size:Youth Large,I have read the Athletic Agreement:Yes,I have read the Athletic Uniform and Equipment agreement:Yes
09/17/2024 01:21:15 PM,T8O5TI1ZFD7QV6I,4VPME1YSVZK3ZHL,"Parker, James",Athletics,CYO Basketball 24-25 Students-3rd to 8th grade,,,"Parker, Jordan",1018,student,UCS-Elementary,5,"Mrs. I, Rm. S55",School Store,Settled,settled,,50.00,8036659,09/25/2024 08:00:00 AM,,Website,,ZZ6031PV11SQ6V8,Date of Birth:2013-05-09,Grade Level:5,Parent/Guardian Name:James Parker,Parent Phone Number:(721)-129-2941,Parent Email:james.parker@gmail.com,Emergency Contact (If parent can't be reached):Jessica Silva,Emergency Contact Phone Number:(591)-867-6599,Shirt Size:Youth Medium,Short Size:Youth Medium,I have read the Athletic Agreement:Yes,I have read the Athletic Uniform and Equipment agreement:Yes
09/17/2024 01:22:14 PM,LSJCP4PNV0JNQIU,171X9S4GU0IFLKP,"Moore, Randall",Athletics,CYO Basketball 24-25 Students-3rd to 8th grade,,,"Moore, Alex",1019,student,UCS-Elementary,3,"Ms. W, Rm. S57",School Store,Settled,,,50.00,557494704,09/18/2024 01:17:00 AM,,Website,,ZZ6031PV11SQ6V8,Date of Birth:2010-10-27,Grade Level:3,Parent/Guardian Name:Randall Moore,Parent Phone Number:(928)-282-1318,Parent Email:randall.moore@gmail.com,Emergency Contact (If parent can't be reached):Edwin Tran,Emergency Contact Phone Number:(576)-421-2325,Shirt Size:Youth Small,Short Size:Youth Small,I have read the Athletic Agreement:Yes,I have read the Athletic Uniform and Equipment agreement:Yes
09/17/2024 01:23:52 PM,7YX6BQA6W3M9VMG,Y3SFFY9Z3CEZYAO,"Shaw, Calvin",Athletics,CYO Basketball 24-25 Students-3rd to 8th grade,,,"Shaw, Sawyer",1020,student,UCS-Elementary,5,"Ms. Y, Rm. S53",School Store,Settled,,,50.00,557494704,09/18/2024 01:17:00 AM,,Website,,ZZ6031PV11SQ6V8,Date of Birth:2013-10-18,Grade Level:5,Parent/Guardian Name:Calvin Shaw,Parent Phone Number:(206)-542-1869,Parent Email:calvin.shaw@yahoo.com,Emergency Contact (If parent can't be reached):Deanna Sanchez,Emergency Contact Phone Number:(489)-289-1686,Shirt Size:Youth Large,Short Size:Youth Large,I have read the Athletic Agreement:Yes,I have read the Athletic Uniform and Equipment agreement:Yes
09/18/2024 08:50:39 AM,E1KEJ9OORGINZRG,M0UQYNCHK07FO2A,"Carey, Craig",Athletics,CYO Basketball 24-25 Students-3rd to 8th grade,,,"Carey, Rowan",1021,student,UCS-Elementary,3,"Ms. C, Rm. S50",School Store,Settled,,,50.00,557950814,09/19/2024 01:18:00 AM,,Website,,ZZ6031PV11SQ6V8,Date of Birth:2013-09-11,Grade Level:3,Parent/Guardian Name:Craig Carey,Parent Phone Number:(398)-522-5931,Parent Email:craig.carey@hotmail.com,Emergency Contact (If parent can't be reached):Jennifer Jackson,Emergency Contact Phone Number:(810)-375-2153,Shirt Size:Youth Small,Short Size:Youth Small,I have read the Athletic Agreement:Yes,I have read the Athletic Uniform and Equipment agreement:Yes
09/18/2024 08:50:39 AM,E1KEJ9OORGINZRG,M0UQYNCHK07FO2A,"Murphy, Stephanie",Athletics,CYO Basketball 24-25 Students-3rd to 8th grade,,,"Murphy, Emerson",1022,student,UCS-Elementary,5,"Ms. Y, Rm. S53",School Store,Settled,,,50.00,557950814,09/19/2024 01:18:00 AM,,Website,,ZZ6031PV11SQ6V8,Date of Birth:2012-07-26,Grade Level:5,Parent/Guardian Name:Stephanie Murphy,Parent Phone Number:(405)-858-3826,Parent Email:stephanie.murphy@gmail.com,Emergency Contact (If parent can't be reached):Cynthia Bennett,Emergency Contact Phone Number:(491)-958-4424,Shirt Size:Youth Medium,Short Size:Youth Medium,I have read the Athletic Agreement:Yes,I have read the Athletic Uniform and Equipment agreement:Yes
09/18/2024 08:52:47 AM,B3QS7HKK8X9XWQO,HFJVLUYVYK3K9FY,"Jackson, James",Athletics,CYO Basketball 24-25 Students-3rd to 8th grade,,,"Jackson, Peyton",1023,student,UCS-Elementary,5,"Mrs. N, Rm. S54",School Store,Settled,,,50.00,557950814,09/19/2024 01:18:00 AM,,Website,,ZZ6031PV11SQ6V8,Date of Birth:2014-10-14,Grade Level:5,Parent/Guardian Name:James Jackson,Parent Phone Number:(634)-184-4316,Parent Email:james.jackson@yahoo.com,Emergency Contact (If parent can't be reached):Mason Berry,Emergency Contact Phone Number:(551)-171-9326,Shirt Size:Adult Medium,Short Size:Adult Small,I have read the Athletic Agreement:Yes,I have read the Athletic Uniform and Equipment agreement:Yes
09/26/2024 08:34:52 AM,34KB57Y4O4KEK66,7P6RZU0J2VLVXBY,"Edwards, Jacob",Athletics,CYO Basketball 24-25 Students-3rd to 8th grade,,,"Edwards, Jordan",1024,student,UCS-Elementary,5,"Ms. Y, Rm. S53",School Store,Settled,,,50.00,560879680,09/27/2024 01:20:00 AM,,Website,,ZZ6031PV11SQ6V8,Date of Birth:2014-04-26,Grade Level:5,Parent/Guardian Name:Jacob Edwards,Parent Phone Number:(805)-576-4222,Parent Email:jacob.edwards@gmail.com,Emergency Contact (If parent can't be reached):Dana Calderon,Emergency Contact Phone Number:(832)-278-4728,Shirt Size:Youth Large,Short Size:Youth Large,I have read the Athletic Agreement:Yes,I have read the Athletic Uniform and Equipment agreement:Yes
09/26/2024 08:37:08 AM,8W71R8V33ICCAM8,8USI0S7VB6AJFOW,"Clark, Deanna",Athletics,CYO Basketball 24-25 Students-3rd to 8th grade,,,"Clark, Taylor",1025,student,UCS-Middle School,6,"Mrs. R, Rm. S12",School Store,Settled,,,50.00,560879680,09/27/2024 01:20:00 AM,,Website,,ZZ6031PV11SQ6V8,Date of Birth:2015-04-19,Grade Level:6,Parent/Guardian Name:Deanna Clark,Parent Phone Number:(183)-984-5830,Parent Email:deanna.clark@yahoo.com,Emergency Contact (If parent can't be reached):Candace Sanders,Emergency Contact Phone Number:(946)-256-3187,Shirt Size:Youth XLarge,Short Size:Youth XL,I have read the Athletic Agreement:Yes,I have read the Athletic Uniform and Equipment agreement:Yes
09/26/2024 08:38:25 AM,CQDGHCPWQOGHBBY,4BEID5XLMTSJ982,"Carr, Meredith",Athletics,CYO Basketball 24-25 Students-3rd to 8th grade,,,"Carr, Casey",1026,student,UCS-Middle School,6,"Mrs. Z, Rm. S17",School Store,Settled,,,50.00,560879680,09/27/2024 01:20:00 AM,,Website,,ZZ6031PV11SQ6V8,Date of Birth:2012-12-06,Grade Level:6,Parent/Guardian Name:Meredith Carr,Parent Phone Number:(310)-659-8171,Parent Email:meredith.carr@hotmail.com,Emergency Contact (If parent can't be reached):Joseph Rodriguez,Emergency Contact Phone Number:(356)-976-5417,Shirt Size:Youth Large,Short Size:Youth Large,I have read the Athletic Agreement:Yes,I have read the Athletic Uniform and Equipment agreement:Yes
09/26/2024 08:39:26 AM,TKGQ22YPVVONWWV,2BCPZICX1X34QS8,"Harrison, Joseph",Athletics,CYO Basketball 24-25 Students-3rd to 8th grade,,,"Harrison, Tatum",1027,student,UCS-Middle School,7,"Mrs. A, Rm. S42",School Store,Settled,,,50.00,560879680,09/27/2024 01:20:00 AM,,Website,,ZZ6031PV11SQ6V8,Date of Birth:2010-03-05,Grade Level:7,Parent/Guardian Name:Joseph Harrison,Parent Phone Number:(822)-185-8868,Parent Email:joseph.harrison@hotmail.com,Emergency Contact (If parent can't be reached):Pam Miller,Emergency Contact Phone Number:(449)-890-5077,Shirt Size:Youth XLarge,Short Size:Youth XL,I have read the Athletic Agreement:Yes,I have read the Athletic Uniform and Equipment agreement:Yes
09/26/2024 08:39:41 AM,6H5XH8GZT0RMLYE,ETHEHP45VC15V16,"Johnson, Andre",Athletics,CYO Basketball 24-25 Students-3rd to 8th grade,,,"Johnson, Jordan",1028,student,UCS-Middle School,7,"Mrs. Z, Rm. S20",School Store,Settled,,,50.00,560951534,09/27/2024 01:20:00 AM,,MSB Anywhere,,ZZ6031PV11SQ6V8,Date of Birth:2014-07-28,Grade Level:7,Parent/Guardian Name:Andre Johnson,Parent Phone Number:(953)-817-1574,Parent Email:andre.johnson@gmail.com,Emergency Contact (If parent can't be reached):Annette Bright,Emergency Contact Phone Number:(139)-677-1850,Shirt Size:Adult Medium,Short Size:Adult Small,I have read the Athletic Agreement:Yes,I have read the Athletic Uniform and Equipment agreement:Yes
09/26/2024 08:40:27 AM,J2IX9VVYPNF4540,0GZOOGNWWOZAATO,"Simmons, Brandy",Athletics,CYO Basketball 24-25 Students-3rd to 8th grade,,,"Simmons, Peyton",1029,student,UCS-Elementary,3,"Ms. W, Rm. S57",School Store,Settled,,,50.00,560879680,09/27/2024 01:20:00 AM,,Website,,ZZ6031PV11SQ6V8,Date of Birth:2010-12-26,Grade Level:3,Parent/Guardian Name:Brandy Simmons,Parent Phone Number:(114)-469-8537,Parent Email:brandy.simmons@yahoo.com,Emergency Contact (If parent can't be reached):Kyle Anderson,Emergency Contact Phone Number:(789)-234-5278,Shirt Size:Youth Medium,Short Size:Youth Medium,I have read the Athletic Agreement:Yes,I have read the Athletic Uniform and Equipment agreement:Yes
10/02/2024 11:13:46 AM,348ZLBQ8IY4GK2J,ENY65955I9IE7E0,"Allen, Brandy",Athletics,CYO Basketball 24-25 Students-3rd to 8th grade,,,"Allen, Riley",1030,student,UCS-Elementary,5,"Mrs. N, Rm. S54",School Store,Settled,,,50.00,562983530,10/03/2024 01:24:00 AM,,Website,,ZZ6031PV11SQ6V8,Date of Birth:2012-04-11,Grade Level:5,Parent/Guardian Name:Brandy Allen,Parent Phone Number:(173)-731-8139,Parent Email:brandy.allen@gmail.com,Emergency Contact (If parent can't be reached):Daniel Anderson,Emergency Contact Phone Number:(825)-215-1310,Shirt Size:Youth Medium,Short Size:Youth Medium,I have read the Athletic Agreement:Yes,I have read the Athletic Uniform and Equipment agreement:Yes
10/02/2024 11:13:46 AM,348ZLBQ8IY4GK2J,ENY65955I9IE7E0,"Jones, Kathleen",Athletics,CYO Basketball 24-25 Students-3rd to 8th grade,,,"Jones, Drew",1031,student,UCS-Middle School,6,"Mr. H, Rm. S24",School Store,Settled,,,50.00,562983530,10/03/2024 01:24:00 AM,,Website,,ZZ6031PV11SQ6V8,Date of Birth:2013-06-13,Grade Level:6,Parent/Guardian Name:Kathleen Jones,Parent Phone Number:(529)-964-8696,Parent Email:kathleen.jones@hotmail.com,Emergency Contact (If parent can't be reached):Kristen Hart,Emergency Contact Phone Number:(351)-424-2227,Shirt Size:Youth XLarge,Short Size:Youth Large,I have read the Athletic Agreement:Yes,I have read the Athletic Uniform and Equipment agreement:Yes
10/02/2024 11:13:53 AM,IOOT5V1TT87S61O,HZCV2DC7CU3VV9Z,"Nguyen, Kyle",Athletics,CYO Basketball 24-25 Students-3rd to 8th grade,,,"Nguyen, Skyler",1032,student,UCS-Elementary,4,"Ms. L, Rm. S56",School Store,Settled,,,50.00,562983530,10/03/2024 01:24:00 AM,,Website,,ZZ6031PV11SQ6V8,Date of Birth:2011-02-15,Grade Level:4,Parent/Guardian Name:Kyle Nguyen,Parent Phone Number:(175)-901-7542,Parent Email:kyle.nguyen@hotmail.com,Emergency Contact (If parent can't be reached):Jason Hamilton,Emergency Contact Phone Number:(762)-203-9490,Shirt Size:Youth Medium,Short Size:Youth Medium,I have read the Athletic Agreement:Yes,I have read the Athletic Uniform and Equipment agreement:Yes
10/02/2024 11:14:00 AM,8PG4FUNMUKZ0HVW,1URR4FGNVA7FEVS,"Evans, Robin",Athletics,CYO Basketball 24-25 Students-3rd to 8th grade,,,"Evans, Reese",1033,student,UCS-Middle School,7,"Mrs. R, Rm. S13",School Store,Settled,,,50.00,562983530,10/03/2024 01:24:00 AM,,Website,,ZZ6031PV11SQ6V8,Date of Birth:2015-05-08,Grade Level:7,Parent/Guardian Name:Robin Evans,Parent Phone Number:(384)-909-7116,Parent Email:robin.evans@hotmail.com,Emergency Contact (If parent can't be reached):Cory Williams,Emergency Contact Phone Number:(477)-279-1158,Shirt Size:Adult Medium,Short Size:Adult Medium,I have read the Athletic Agreement:Yes,I have read the Athletic Uniform and Equipment agreement:Yes
10/09/2024 08:07:37 AM,LWY59NHQQQGAOZN,L2N6DO91L5PDEOY,"Griffin, John",Athletics,CYO Basketball 24-25 Students-3rd to 8th grade,,,"Griffin, Alex",1034,student,UCS-Middle School,6,"Mrs. R, Rm. S11",School Store,Settled,,,50.00,565598761,10/10/2024 12:51:00 AM,,Website,,ZZ6031PV11SQ6V8,Date of Birth:2015-05-02,Grade Level:6,Parent/Guardian Name:John Griffin,Parent Phone Number:(672)-406-5717,Parent Email:john.griffin@hotmail.com,Emergency Contact (If parent can't be reached):Christopher Patton,Emergency Contact Phone Number:(889)-896-2088,Shirt Size:Youth XLarge,Short Size:Youth XL,I have read the Athletic Agreement:Yes,I have read the Athletic Uniform and Equipment agreement:Yes
10/09/2024 08:07:58 AM,PYI1XJDGNA1WYR3,RANXL4MRNLKQAP4,"Powers, Adam",Athletics,CYO Basketball 24-25 Students-3rd to 8th grade,,,"Powers, Peyton",1035,student,UCS-Elementary,4,"Ms. L, Rm. S56",School Store,Settled,,,50.00,565598761,10/10/2024 12:51:00 AM,,Website,,ZZ6031PV11SQ6V8,Date of Birth:2014-02-02,Grade Level:4,Parent/Guardian Name:Adam Powers,Parent Phone Number:(302)-389-2337,Parent Email:adam.powers@hotmail.com,Emergency Contact (If parent can't be reached):Diana Ramirez,Emergency Contact Phone Number:(113)-945-5483,Shirt Size:Youth Small,Short Size:Youth Small,I have read the Athletic Agreement:Yes,I have read the Athletic Uniform and Equipment agreement:Yes
10/09/2024 08:09:15 AM,TEPKTBAPU9GECLV,UVVTOR334M9Q47Z,"Lewis, Juan",Athletics,CYO Basketball 24-25 Students-3rd to 8th grade,,,"Lewis, Peyton",1036,student,UCS-Middle School,7,"Mr. G, Rm. S4",School Store,Settled,,,50.00,565598761,10/10/2024 12:51:00 AM,,Website,,ZZ6031PV11SQ6V8,Date of Birth:2014-12-30,Grade Level:7,Parent/Guardian Name:Juan Lewis,Parent Phone Number:(352)-556-3430,Parent Email:juan.lewis@hotmail.com,Emergency Contact (If parent can't be reached):Amber Sims,Emergency Contact Phone Number:(755)-253-1890,Shirt Size:Adult Medium,Short Size:Adult Medium,I have read the Athletic Agreement:Yes,I have read the Athletic Uniform and Equipment agreement:Yes
10/09/2024 08:09:35 AM,TRLD4QXJ0V3FVPI,0X1XL5RDUB7BV6C,"Romero, John",Athletics,CYO Basketball 24-25 Students-3rd to 8th grade,,,"Romero, Phoenix",1037,student,UCS-Middle School,6,"Mr. L, Rm. S3",School Store,Settled,settled,,50.00,8114861,10/18/2024 08:00:00 AM,,Website,,ZZ6031PV11SQ6V8,Date of Birth:2014-08-21,Grade Level:6,Parent/Guardian Name:John Romero,Parent Phone Number:(601)-469-8124,Parent Email:john.romero@gmail.com,Emergency Contact (If parent can't be reached):Dawn Brown,Emergency Contact Phone Number:(858)-148-7229,Shirt Size:Youth Large,Short Size:Youth Large,I have read the Athletic Agreement:Yes,I have read the Athletic Uniform and Equipment agreement:Yes
10/09/2024 08:10:15 AM,RDTZUBYW1IYAKRR,10I30AHDAME26P7,"Jones, Marcus",Athletics,CYO Basketball 24-25 Students-3rd to 8th grade,,,"Jones, Drew",1038,student,UCS-Middle School,6,"Mr. L, Rm. S2",School Store,Settled,,,50.00,565598761,10/10/2024 12:51:00 AM,,Website,,ZZ6031PV11SQ6V8,Date of Birth:2014-04-14,Grade Level:6,Parent/Guardian Name:Marcus Jones,Parent Phone Number:(112)-276-1107,Parent Email:marcus.jones@hotmail.com,Emergency Contact (If parent can't be reached):Amber Reynolds,Emergency Contact Phone Number:(132)-804-5277,Shirt Size:Youth Medium,Short Size:Youth Medium,I have read the Athletic Agreement:Yes,I have read the Athletic Uniform and Equipment agreement:Yes
10/16/2024 08:18:18 AM,8BKXNGXC5QH5KGL,CLYYYIQAN8B8G2H,"Cervantes, Timothy",Athletics,CYO Basketball 24-25 Students-3rd to 8th grade,,,"Cervantes, Dakota",1039,student,UCS-Elementary,3,"Ms. W, Rm. S57",School Store,Settled,settled,,50.00,8139817,10/24/2024 08:00:00 AM,,Website,,ZZ6031PV11SQ6V8,Date of Birth:2014-05-17,Grade Level:3,Parent/Guardian Name:Timothy Cervantes,Parent Phone Number:(459)-927-2384,Parent Email:timothy.cervantes@gmail.com,Emergency Contact (If parent can't be reached):Katherine Ortega,Emergency Contact Phone Number:(548)-856-1581,Shirt Size:Youth Small,Short Size:Youth Small,I have read the Athletic Agreement:Yes,I have read the Athletic Uniform and Equipment agreement:Yes
10/16/2024 08:18:18 AM,8BKXNGXC5QH5KGL,CLYYYIQAN8B8G2H,"Brown, Ashley",Athletics,CYO Basketball 24-25 Students-3rd to 8th grade,,,"Brown, Drew",1040,student,UCS-Elementary,5,"Mrs. N, Rm. S54",School Store,Settled,settled,,50.00,8139817,10/24/2024 08:00:00 AM,,Website,,ZZ6031PV11SQ6V8,Date of Birth:2013-08-29,Grade Level:5,Parent/Guardian Name:Ashley Brown,Parent Phone Number:(770)-774-9483,Parent Email:ashley.brown@yahoo.com,Emergency Contact (If parent can't be reached):Jenna Brown,Emergency Contact Phone Number:(929)-420-6768,Shirt Size:Youth Medium,Short Size:Youth Medium,I have read the Athletic Agreement:Yes,I have read the Athletic Uniform and Equipment agreement:Yes
10/16/2024 08:18:26 AM,74QXBWH4VVQIKGA,3NORKJVE8D3PWCU,"Pham, Maria",Athletics,CYO Basketball 24-25 Students-3rd to 8th grade,,,"Pham, Phoenix",1041,student,UCS-Elementary,3,"Ms. C, Rm. S50",School Store,Settled,,,50.00,568109745,10/17/2024 01:27:00 AM,,Website,,ZZ6031PV11SQ6V8,Date of Birth:2014-05-19,Grade Level:3,Parent/Guardian Name:Maria Pham,Parent Phone Number:(120)-607-6074,Parent Email:maria.pham@hotmail.com,Emergency Contact (If parent can't be reached):Emily Collins,Emergency Contact Phone Number:(124)-292-3119,Shirt Size:Youth Medium,Short Size:Youth Medium,I have read the Athletic Agreement:Yes,I have read the Athletic Uniform and Equipment agreement:Yes
10/16/2024 08:19:51 AM,QOMN3IHIRKZNB7N,88FHEE12UEGAMNA,"Marquez, Sandra",Athletics,CYO Basketball 24-25 Students-3rd to 8th grade,,,"Marquez, Morgan",1042,student,UCS-Middle School,6,"Mrs. Z, Rm. S17",School Store,Settled,,,50.00,568109745,10/17/2024 01:27:00 AM,,Parent App,,ZZ6031PV11SQ6V8,Date of Birth:2013-09-18,Grade Level:6,Parent/Guardian Name:Sandra Marquez,Parent Phone Number:(985)-228-9375,Parent Email:sandra.marquez@gmail.com,Emergency Contact (If parent can't be reached):David Diaz,Emergency Contact Phone Number:(455)-719-2005,Shirt Size:Youth Medium,Short Size:Youth Small,I have read the Athletic Agreement:Yes,I have read the Athletic Uniform and Equipment agreement:Yes
10/16/2024 08:21:17 AM,H5PAO9AIIM6E2OM,07YG2E3CDQN2DD5,"Harmon, Andrew",Athletics,CYO Basketball 24-25 Students-3rd to 8th grade,,,"Harmon, Marley",1043,student,UCS-Middle School,7,"Ms. D, Rm. S37",School Store,Settled,,,50.00,568109745,10/17/2024 01:27:00 AM,,Website,,ZZ6031PV11SQ6V8,Date of Birth:2012-10-03,Grade Level:7,Parent/Guardian Name:Andrew Harmon,Parent Phone Number:(513)-450-5134,Parent Email:andrew.harmon@yahoo.com,Emergency Contact (If parent can't be reached):Kevin Duncan,Emergency Contact Phone Number:(972)-658-6135,Shirt Size:Youth XLarge,Short Size:Youth XL,I have read the Athletic Agreement:Yes,I have read the Athletic Uniform and Equipment agreement:Yes
10/16/2024 08:25:58 AM,9FKZH65HMHOVT1T,ER2GJ3BDPF5L1TP,"Harris, Jason",Athletics,CYO Basketball 24-25 Students-3rd to 8th grade,,,"Harris, Logan",1044,student,UCS-Middle School,7,"Mr. H, Rm. S27",School Store,Settled,,,50.00,568109745,10/17/2024 01:27:00 AM,,Website,,ZZ6031PV11SQ6V8,Date of Birth:2014-05-12,Grade Level:7,Parent/Guardian Name:Jason Harris,Parent Phone Number:(751)-199-6288,Parent Email:jason.harris@yahoo.com,Emergency Contact (If parent can't be reached):Wendy Stanley,Emergency Contact Phone Number:(750)-103-8156,Shirt Size:Adult XL,Short Size:Adult XL,I have read the Athletic Agreement:Yes,I have read the Athletic Uniform and Equipment agreement:Yes
10/16/2024 08:26:29 AM,J8BEWZHKKD15JNQ,WJ0SF8IBAUMXXSB,"Smith, Mitchell",Athletics,CYO Basketball 24-25 Students-3rd to 8th grade,,,"Smith, Quinn",1045,student,UCS-Middle School,7,"Mr. G, Rm. S4",School Store,Settled,,,50.00,568109745,10/17/2024 01:27:00 AM,,Website,,ZZ6031PV11SQ6V8,Date of Birth:2014-12-29,Grade Level:7,Parent/Guardian Name:Mitchell Smith,Parent Phone Number:(157)-153-2079,Parent Email:mitchell.smith@gmail.com,Emergency Contact (If parent can't be reached):Amanda Walker,Emergency Contact Phone Number:(758)-274-9889,Shirt Size:Adult Large,Short Size:Adult Medium,I have read the Athletic Agreement:Yes,I have read the Athletic Uniform and Equipment agreement:Yes
10/18/2024 01:32:02 PM,ZGKX7WM6OH0WD7O,LULO34AAJGLU3UK,"Miller, Joshua",Athletics,CYO Basketball 24-25 Students-3rd to 8th grade,,,"Miller, Drew",1046,student,UCS-Elementary,4,"Ms. C, Rm. S52",School Store,Settled,,,50.00,568754679,10/19/2024 01:28:00 AM,,Website,,ZZ6031PV11SQ6V8,Date of Birth:2014-05-06,Grade Level:4,Parent/Guardian Name:Joshua Miller,Parent Phone Number:(440)-163-3000,Parent Email:joshua.miller@yahoo.com,Emergency Contact (If parent can't be reached):Thomas Morgan,Emergency Contact Phone Number:(623)-107-7975,Shirt Size:Youth Medium,Short Size:Youth Medium,I have read the Athletic Agreement:Yes,I have read the Athletic Uniform and Equipment agreement:Yes
10/18/2024 01:32:20 PM,EFF6J44JWJ5GOLO,84PQNDBRAPMUSH3,"Frey, Cody",Athletics,CYO Basketball 24-25 Students-3rd to 8th grade,,,"Frey, Peyton",1047,student,UCS-Elementary,5,"Ms. Y, Rm. S53",School Store,Settled,,,50.00,568754679,10/19/2024 01:28:00 AM,,Website,,ZZ6031PV11SQ6V8,Date of Birth:2010-10-08,Grade Level:5,Parent/Guardian Name:Cody Frey,Parent Phone Number:(283)-638-6137,Parent Email:cody.frey@hotmail.com,Emergency Contact (If parent can't be reached):David Bass,Emergency Contact Phone Number:(301)-187-6286,Shirt Size:Youth Medium,Short Size:Youth Medium,I have read the Athletic Agreement:Yes,I have read the Athletic Uniform and Equipment agreement:Yes
10/18/2024 01:32:47 PM,A8X2QAGQQVF9OBV,TLIPS31A7GHR5E0,"Young, Travis",Athletics,CYO Basketball 24-25 Students-3rd to 8th grade,,,"Young, Logan",1048,student,UCS-Middle School,6,"Mrs. H, Rm. S33",School Store,Settled,,,50.00,568754679,10/19/2024 01:28:00 AM,,Website,,ZZ6031PV11SQ6V8,Date of Birth:2013-07-16,Grade Level:6,Parent/Guardian Name:Travis Young,Parent Phone Number:(217)-112-2922,Parent Email:travis.young@hotmail.com,Emergency Contact (If parent can't be reached):Kevin Rodriguez,Emergency Contact Phone Number:(755)-412-8613,Shirt Size:Youth Medium,Short Size:Youth Medium,I have read the Athletic Agreement:Yes,I have read the Athletic Uniform and Equipment agreement:Yes
10/18/2024 01:32:53 PM,DPSAQTW70QIV2AT,L79F5FW6ZVKMII2,"Montoya, Michael",Athletics,CYO Basketball 24-25 Students-3rd to 8th grade,,,"Montoya, Finley",1049,student,UCS-Middle School,7,"Mr. H, Rm. S26",School Store,Settled,,,50.00,568754679,10/19/2024 01:28:00 AM,,Website,,ZZ6031PV11SQ6V8,Date of Birth:2012-06-18,Grade Level:7,Parent/Guardian Name:Michael Montoya,Parent Phone Number:(884)-506-7111,Parent Email:michael.montoya@gmail.com,Emergency Contact (If parent can't be reached):Daniel Holt,Emergency Contact Phone Number:(971)-555-7343,Shirt Size:Adult Small,Short Size:Adult Small,I have read the Athletic Agreement:Yes,I have read the Athletic Uniform and Equipment agreement:Yes
10/18/2024 01:33:00 PM,41PLH9E3TMM8KPA,GN9Y1T92SXD73KO,"Steele, Anthony",Athletics,CYO Basketball 24-25 Students-3rd to 8th grade,,,"Steele, Morgan",1050,student,UCS-Middle School,8,"Mrs. R, Rm. S15",School Store,Settled,,,50.00,568754679,10/19/2024 01:28:00 AM,,Website,,ZZ6031PV11SQ6V8,Date of Birth:2011-04-18,Grade Level:8,Parent/Guardian Name:Anthony Steele,Parent Phone Number:(909)-290-2178,Parent Email:anthony.steele@hotmail.com,Emergency Contact (If parent can't be reached):Teresa Bush,Emergency Contact Phone Number:(194)-125-5430,Shirt Size:Adult Medium,Short Size:Adult Medium,I have read the Athletic Agreement:Yes,I have read the Athletic Uniform and Equipment agreement:Yes
10/21/2024 09:31:13 AM,GH9CJA7JZBNHPIH,XZ1CSP1JBEK5H7L,"Hurley, Sandra",Athletics,CYO Basketball 24-25 Students-3rd to 8th grade,,,"Hurley, River",1051,student,UCS-Elementary,5,"Mrs. I, Rm. S55",School Store,Settled,,,50.00,569820330,10/22/2024 01:24:00 AM,,Website,,ZZ6031PV11SQ6V8,Date of Birth:2011-04-03,Grade Level:5,Parent/Guardian Name:Sandra Hurley,Parent Phone Number:(796)-475-2932,Parent Email:sandra.hurley@yahoo.com,Emergency Contact (If parent can't be reached):Jeffrey Douglas,Emergency Contact Phone Number:(986)-189-4920,Shirt Size:Youth Medium,Short Size:Youth Medium,I have read the Athletic Agreement:Yes,I have read the Athletic Uniform and Equipment agreement:Yes
10/21/2024 11:11:50 AM,DQ4LV4NI4VBMNAF,CPASJDO5C75HVX2,"Phillips, Jonathan",Athletics,CYO Basketball 24-25 Students-3rd to 8th grade,,,"Phillips, Riley",1052,student,UCS-Middle School,8,"Mr. H, Rm. S28",School Store,Settled,,,50.00,569820330,10/22/2024 01:24:00 AM,,Website,,ZZ6031PV11SQ6V8,Date of Birth:2013-08-03,Grade Level:8,Parent/Guardian Name:Jonathan Phillips,Parent Phone Number:(175)-232-9633,Parent Email:jonathan.phillips@yahoo.com,Emergency Contact (If parent can't be reached):Matthew Brown,Emergency Contact Phone Number:(788)-231-2370,Shirt Size:Youth XLarge,Short Size:Youth XL,I have read the Athletic Agreement:Sí,I have read the Athletic Uniform and Equipment agreement:Sí
10/21/2024 11:11:50 AM,DQ4LV4NI4VBMNAF,CPASJDO5C75HVX2,"Christensen, Gary",Athletics,CYO Basketball 24-25 Students-3rd to 8th grade,,,"Christensen, Phoenix",1053,student,UCS-Middle School,7,"Mrs. A, Rm. S44",School Store,Settled,,,50.00,569820330,10/22/2024 01:24:00 AM,,Website,,ZZ6031PV11SQ6V8,Date of Birth:2010-02-24,Grade Level:7,Parent/Guardian Name:Gary Christensen,Parent Phone Number:(277)-381-8209,Parent Email:gary.christensen@hotmail.com,Emergency Contact (If parent can't be reached):Jennifer Andrade,Emergency Contact Phone Number:(936)-561-6809,Shirt Size:Youth Large,Short Size:Youth Large,I have read the Athletic Agreement:Sí,I have read the Athletic Uniform and Equipment agreement:Sí
10/21/2024 11:11:50 AM,DQ4LV4NI4VBMNAF,CPASJDO5C75HVX2,"Merritt, Nicole",Athletics,CYO Basketball 24-25 Students-3rd to 8th grade,,,"Merritt, Tatum",1054,student,UCS-Elementary,4,"Ms. L, Rm. S56",School Store,Settled,,,50.00,569820330,10/22/2024 01:24:00 AM,,Website,,ZZ6031PV11SQ6V8,Date of Birth:2010-02-01,Grade Level:4,Parent/Guardian Name:Nicole Merritt,Parent Phone Number:(102)-481-2929,Parent Email:nicole.merritt@gmail.com,Emergency Contact (If parent can't be reached):William Simmons,Emergency Contact Phone Number:(927)-362-9973,Shirt Size:Youth Small,Short Size:Youth Small,I have read the Athletic Agreement:Sí,I have read the Athletic Uniform and Equipment agreement:Sí
10/22/2024 11:24:56 AM,AVXD00ZD298GDK1,1HPKO21IKWEZZZ4,"Wallace, Paige",Athletics,CYO Basketball 24-25 Students-3rd to 8th grade,,,"Wallace, Emerson",1055,student,UCS-Middle School,7,"Ms. D, Rm. S38",School Store,Settled,,,50.00,570253556,10/23/2024 01:19:00 AM,,Website,,ZZ6031PV11SQ6V8,Date of Birth:2013-03-23,Grade Level:7,Parent/Guardian Name:Paige Wallace,Parent Phone Number:(904)-729-6730,Parent Email:paige.wallace@hotmail.com,Emergency Contact (If parent can't be reached):Timothy Mueller,Emergency Contact Phone Number:(519)-785-6045,Shirt Size:Adult Large,Short Size:Adult Large,I have read the Athletic Agreement:Yes,I have read the Athletic Uniform and Equipment agreement:Yes
10/22/2024 11:29:02 AM,DHSDK7F3JZSLOA0,US4SU4GJW9E752R,"Smith, Lauren",Athletics,CYO Basketball 24-25 Students-3rd to 8th grade,,,"Smith, Drew",1056,student,UCS-Elementary,3,"Ms. B, Rm. S59",School Store,Settled,,,50.00,570253556,10/23/2024 01:19:00 AM,,Website,,ZZ6031PV11SQ6V8,Date of Birth:2013-08-14,Grade Level:3,Parent/Guardian Name:Lauren Smith,Parent Phone Number:(496)-734-4889,Parent Email:lauren.smith@gmail.com,Emergency Contact (If parent can't be reached):Andrew Brown,Emergency Contact Phone Number:(545)-989-3446,Shirt Size:Youth Medium,Short Size:Youth Medium,I have read the Athletic Agreement:Yes,I have read the Athletic Uniform and Equipment agreement:Yes
10/22/2024 11:29:02 AM,DHSDK7F3JZSLOA0,US4SU4GJW9E752R,"Bennett, Aaron",Athletics,CYO Basketball 24-25 Students-3rd to 8th grade,,,"Bennett, Cameron",1057,student,UCS-Elementary,5,"Mrs. I, Rm. S55",School Store,Settled,,,50.00,570253556,10/23/2024 01:19:00 AM,,Website,,ZZ6031PV11SQ6V8,Date of Birth:2011-09-17,Grade Level:5,Parent/Guardian Name:Aaron Bennett,Parent Phone Number:(866)-490-3530,Parent Email:aaron.bennett@hotmail.com,Emergency Contact (If parent can't be reached):Christian Jackson,Emergency Contact Phone Number:(654)-997-1843,Shirt Size:Youth XLarge,Short Size:Youth XL,I have read the Athletic Agreement:Yes,I have read the Athletic Uniform and Equipment agreement:Yes
10/22/2024 11:29:26 AM,WQYAMVAR4IDS7P4,9WQ1RKML92403KT,"Watson, Mackenzie",Athletics,CYO Basketball 24-25 Students-3rd to 8th grade,,,"Watson, Emerson",1058,student,UCS-Elementary,2,"Ms. A, Rm. S58",School Store,Settled,,,50.00,570351778,10/23/2024 01:19:00 AM,,MSB Anywhere,,ZZ6031PV11SQ6V8,Date of Birth:2012-06-13,Grade Level:4,Parent/Guardian Name:Mackenzie Watson,Parent Phone Number:(677)-115-9202,Parent Email:mackenzie.watson@yahoo.com,Emergency Contact (If parent can't be reached):Kimberly Thompson,Emergency Contact Phone Number:(799)-620-4122,Shirt Size:Youth Medium,Short Size:Youth Medium,I have read the Athletic Agreement:Yes,I have read the Athletic Uniform and Equipment agreement:Yes
10/22/2024 11:29:47 AM,QDSHR2MUDZ5CI8S,TS5D9YPB2N5OLOL,"Baker, Geoffrey",Athletics,CYO Basketball 24-25 Students-3rd to 8th grade,,,"Baker, Drew",1059,student,UCS-Middle School,8,"Ms. D, Rm. S40",School Store,Settled,,,50.00,570253556,10/23/2024 01:19:00 AM,,Website,,ZZ6031PV11SQ6V8,Date of Birth:2015-08-13,Grade Level:8,Parent/Guardian Name:Geoffrey Baker,Parent Phone Number:(339)-445-3370,Parent Email:geoffrey.baker@hotmail.com,Emergency Contact (If parent can't be reached):Steven Hernandez,Emergency Contact Phone Number:(633)-354-8089,Shirt Size:Adult Medium,Short Size:Adult Medium,I have read the Athletic Agreement:Yes,I have read the Athletic Uniform and Equipment agreement:Yes
10/22/2024 11:29:47 AM,QDSHR2MUDZ5CI8S,TS5D9YPB2N5OLOL,"Miller, Allen",Athletics,CYO Basketball 24-25 Students-3rd to 8th grade,,,"Miller, River",1060,student,UCS-Elementary,5,"Ms. Y, Rm. S53",School Store,Settled,,,50.00,570253556,10/23/2024 01:19:00 AM,,Website,,ZZ6031PV11SQ6V8,Date of Birth:2013-12-01,Grade Level:5,Parent/Guardian Name:Allen Miller,Parent Phone Number:(261)-597-9852,Parent Email:allen.miller@yahoo.com,Emergency Contact (If parent can't be reached):Robert Rice,Emergency Contact Phone Number:(653)-714-5371,Shirt Size:Youth Medium,Short Size:Youth Medium,I have read the Athletic Agreement:Yes,I have read the Athletic Uniform and Equipment agreement:Yes
10/22/2024 11:30:11 AM,XS84R29N8BP1Z7L,ZJ1ODJM8CU5EL4W,"Bradley, Karen",Athletics,CYO Basketball 24-25 Students-3rd to 8th grade,,,"Bradley, Reese",1061,student,UCS-Elementary,5,"Ms. Y, Rm. S53",School Store,Settled,,,50.00,570253556,10/23/2024 01:19:00 AM,,Parent App,,ZZ6031PV11SQ6V8,Date of Birth:2015-11-09,Grade Level:5,Parent/Guardian Name:Karen Bradley,Parent Phone Number:(990)-831-3078,Parent Email:karen.bradley@yahoo.com,Emergency Contact (If parent can't be reached):Matthew Fleming,Emergency Contact Phone Number:(447)-253-5522,Shirt Size:Adult Medium,Short Size:Adult Small,I have read the Athletic Agreement:Yes,I have read the Athletic Uniform and Equipment agreement:Yes
10/22/2024 11:33:31 AM,6CU9GCURX5L4PY6,LHEJR2Y6DGYHA0Q,"Willis, Zachary",Athletics,CYO Basketball 24-25 Students-3rd to 8th grade,,,"Willis, Morgan",1062,student,UCS-Middle School,8,"Mrs. H, Rm. S36",School Store,Settled,,,50.00,570253556,10/23/2024 01:19:00 AM,,Website,,ZZ6031PV11SQ6V8,Date of Birth:2013-12-01,Grade Level:8,Parent/Guardian Name:Zachary Willis,Parent Phone Number:(784)-864-2012,Parent Email:zachary.willis@gmail.com,Emergency Contact (If parent can't be reached):Alan Smith,Emergency Contact Phone Number:(706)-260-7068,Shirt Size:Adult XL,Short Size:Adult Large,I have read the Athletic Agreement:Yes,I have read the Athletic Uniform and Equipment agreement:Yes
10/23/2024 10:34:45 AM,G7GSGWMZQKOZ658,1ACQQ4SPUXAQTK7,"Fernandez, Michael",Athletics,CYO Basketball 24-25 Students-3rd to 8th grade,,,"Fernandez, Cameron",1063,student,UCS-Elementary,4,"Ms. L, Rm. S56",School Store,Settled,,,50.00,570655496,10/24/2024 01:27:00 AM,,Website,,ZZ6031PV11SQ6V8,Date of Birth:2013-11-15,Grade Level:4,Parent/Guardian Name:Michael Fernandez,Parent Phone Number:(848)-489-6902,Parent Email:michael.fernandez@yahoo.com,Emergency Contact (If parent can't be reached):Dwayne Schmidt,Emergency Contact Phone Number:(623)-534-9662,Shirt Size:Youth XLarge,Short Size:Youth XL,I have read the Athletic Agreement:Yes,I have read the Athletic Uniform and Equipment agreement:Yes
10/23/2024 10:35:00 AM,WIT633AEUGEVDWC,AX9J12L7DXN9DGW,"Hebert, Robin",Athletics,CYO Basketball 24-25 Students-3rd to 8th grade,,,"Hebert, Quinn",1064,student,UCS-Elementary,3,"Ms. C, Rm. S50",School Store,Settled,,,50.00,570655496,10/24/2024 01:27:00 AM,,Website,,ZZ6031PV11SQ6V8,Date of Birth:2015-08-01,Grade Level:3,Parent/Guardian Name:Robin Hebert,Parent Phone Number:(887)-562-2476,Parent Email:robin.hebert@yahoo.com,Emergency Contact (If parent can't be reached):Richard Hall,Emergency Contact Phone Number:(698)-725-5498,Shirt Size:Youth Medium,Short Size:Youth Medium,I have read the Athletic Agreement:Yes,I have read the Athletic Uniform and Equipment agreement:Yes
10/23/2024 10:35:12 AM,HE2C08E2GS0DRE4,HUK8DUXV5ZXKJWH,"Cunningham, Tyler",Athletics,CYO Basketball 24-25 Students-3rd to 8th grade,,,"Cunningham, Drew",1065,student,UCS-Middle School,6,"Mr. H, Rm. S24",School Store,Settled,,,50.00,570655496,10/24/2024 01:27:00 AM,,Website,,ZZ6031PV11SQ6V8,Date of Birth:2010-01-04,Grade Level:6,Parent/Guardian Name:Tyler Cunningham,Parent Phone Number:(673)-499-3693,Parent Email:tyler.cunningham@yahoo.com,Emergency Contact (If parent can't be reached):Jonathan Hartman,Emergency Contact Phone Number:(685)-671-8429,Shirt Size:Adult Small,Short Size:Adult Small,I have read the Athletic Agreement:Yes,I have read the Athletic Uniform and Equipment agreement:Yes
10/23/2024 11:34:42 AM,SIYP40U1FYPTFMH,7XIANWY44WII2D8,"Medina, Laura",Athletics,CYO Basketball 24-25 Students-3rd to 8th grade,,,"Medina, Lennon",1066,student,UCS-Elementary,3,"Ms. W, Rm. S57",School Store,Settled,,,50.00,570655496,10/24/2024 01:27:00 AM,,Website,,ZZ6031PV11SQ6V8,Date of Birth:2015-02-08,Grade Level:3,Parent/Guardian Name:Laura Medina,Parent Phone Number:(892)-459-9266,Parent Email:laura.medina@gmail.com,Emergency Contact (If parent can't be reached):Brandon Lin,Emergency Contact Phone Number:(623)-686-5870,Shirt Size:Youth Large,Short Size:Youth Large,I have read the Athletic Agreement:Yes,I have read the Athletic Uniform and Equipment agreement:Yes
10/24/2024 08:10:52 AM,KOR71H2WBF4BOK5,CRB4Z91AKYEGXVS,"Castillo, Joshua",Athletics,CYO Basketball 24-25 Students-3rd to 8th grade,,,"Castillo, Sawyer",1067,student,UCS-Middle School,8,"Mr. H, Rm. S29",School Store,Settled,settled,,50.00,8168215,11/01/2024 08:00:00 AM,,Website,,ZZ6031PV11SQ6V8,Date of Birth:2011-07-19,Grade Level:8,Parent/Guardian Name:Joshua Castillo,Parent Phone Number:(768)-437-2356,Parent Email:joshua.castillo@gmail.com,Emergency Contact (If parent can't be reached):Kimberly Mitchell,Emergency Contact Phone Number:(744)-506-9105,Shirt Size:Youth XLarge,Short Size:Youth XL,I have read the Athletic Agreement:Yes,I have read the Athletic Uniform and Equipment agreement:Yes
10/24/2024 08:11:02 AM,83BPTHN1TP8OH1D,XKKZNSP9YFEDUTJ,"Mcintosh, Mark",Athletics,CYO Basketball 24-25 Students-3rd to 8th grade,,,"Mcintosh, Emerson",1068,student,UCS-Middle School,6,"Mr. L, Rm. S1",School Store,Settled,,,50.00,570980153,10/25/2024 01:28:00 AM,,Website,,ZZ6031PV11SQ6V8,Date of Birth:2011-09-16,Grade Level:6,Parent/Guardian Name:Mark Mcintosh,Parent Phone Number:(367)-262-5068,Parent Email:mark.mcintosh@hotmail.com,Emergency Contact (If parent can't be reached):Cynthia Garcia,Emergency Contact Phone Number:(570)-259-3874,Shirt Size:Adult Small,Short Size:Adult Small,I have read the Athletic Agreement:Yes,I have read the Athletic Uniform and Equipment agreement:Yes
10/24/2024 08:11:13 AM,B4KDD2KHGV4QMTG,FM93213Q94C9OZT,"Harper, Marcus",Athletics,CYO Basketball 24-25 Students-3rd to 8th grade,,,"Harper, Riley",1069,student,UCS-Middle School,7,"Mrs. A, Rm. S42",School Store,Settled,,,50.00,570980153,10/25/2024 01:28:00 AM,,Website,,ZZ6031PV11SQ6V8,Date of Birth:2014-04-15,Grade Level:7,Parent/Guardian Name:Marcus Harper,Parent Phone Number:(728)-802-7616,Parent Email:marcus.harper@gmail.com,Emergency Contact (If parent can't be reached):Matthew Richardson,Emergency Contact Phone Number:(783)-172-9323,Shirt Size:Youth Large,Short Size:Youth Large,I have read the Athletic Agreement:Yes,I have read the Athletic Uniform and Equipment agreement:Yes
10/24/2024 08:11:20 AM,P8ZGWKO3VWUQDDU,6P0W5C20KYFGC02,"Hamilton, Laura",Athletics,CYO Basketball 24-25 Students-3rd to 8th grade,,,"Hamilton, Reese",1070,student,UCS-Middle School,7,"Mr. L, Rm. S9",School Store,Settled,,,50.00,570980153,10/25/2024 01:28:00 AM,,Website,,ZZ6031PV11SQ6V8,Date of Birth:2010-03-06,Grade Level:7,Parent/Guardian Name:Laura Hamilton,Parent Phone Number:(969)-558-1301,Parent Email:laura.hamilton@hotmail.com,Emergency Contact (If parent can't be reached):Matthew Gray,Emergency Contact Phone Number:(335)-796-9874,Shirt Size:Adult Medium,Short Size:Adult Large,I have read the Athletic Agreement:Yes,I have read the Athletic Uniform and Equipment agreement:Yes
10/24/2024 08:11:27 AM,ADH5JJPIHQMQ7GD,GY02FANTBQ2LYZ1,"Lynn, Brandy",Athletics,CYO Basketball 24-25 Students-3rd to 8th grade,,,"Lynn, Marley",1071,student,UCS-Middle School,7,"Mr. G, Rm. S5",School Store,Settled,,,50.00,570980153,10/25/2024 01:28:00 AM,,Website,,ZZ6031PV11SQ6V8,Date of Birth:2015-06-12,Grade Level:7,Parent/Guardian Name:Brandy Lynn,Parent Phone Number:(554)-764-9704,Parent Email:brandy.lynn@yahoo.com,Emergency Contact (If parent can't be reached):Peter Anderson,Emergency Contact Phone Number:(206)-547-6104,Shirt Size:Youth XLarge,Short Size:Youth XL,I have read the Athletic Agreement:Yes,I have read the Athletic Uniform and Equipment agreement:Yes
10/24/2024 01:13:51 PM,YLV331T3TON63DX,IVN5QMC3X0I6ZAF,"Stokes, Victoria",Athletics,CYO Basketball 24-25 Students-3rd to 8th grade,,,"Stokes, Reese",1072,student,UCS-Middle School,7,"Mr. G, Rm. S5",School Store,Settled,settled,,50.00,8168215,11/01/2024 08:00:00 AM,,Website,,ZZ6031PV11SQ6V8,Date of Birth:2015-12-06,Grade Level:7,Parent/Guardian Name:Victoria Stokes,Parent Phone Number:(311)-592-4232,Parent Email:victoria.stokes@gmail.com,Emergency Contact (If parent can't be reached):Michelle Contreras,Emergency Contact Phone Number:(763)-119-3582,Shirt Size:Adult Large,Short Size:Adult Large,I have read the Athletic Agreement:Yes,I have read the Athletic Uniform and Equipment agreement:No
10/24/2024 01:13:51 PM,YLV331T3TON63DX,IVN5QMC3X0I6ZAF,"Joseph, Kathryn",Athletics,CYO Basketball 24-25 Students-3rd to 8th grade,,,"Joseph, Quinn",1073,student,UCS-Elementary,4,"Ms. C, Rm. S52",School Store,Settled,settled,,50.00,8168215,11/01/2024 08:00:00 AM,,Website,,ZZ6031PV11SQ6V8,Date of Birth:2012-08-16,Grade Level:4,Parent/Guardian Name:Kathryn Joseph,Parent Phone Number:(493)-601-3119,Parent Email:kathryn.joseph@hotmail.com,Emergency Contact (If parent can't be reached):Jacob Bautista,Emergency Contact Phone Number:(985)-159-2076,Shirt Size:Adult Small,Short Size:Adult Small,I have read the Athletic Agreement:Yes,I have read the Athletic Uniform and Equipment agreement:Yes
10/24/2024 01:14:06 PM,KCTYKEFE1BW9X58,I5MR2E5JF0TSVCK,"Turner, Jennifer",Athletics,CYO Basketball 24-25 Students-3rd to 8th grade,,,"Turner, Sawyer",1074,student,UCS-Elementary,3,"Ms. W, Rm. S57",School Store,Settled,,,50.00,570980153,10/25/2024 01:28:00 AM,,Website,,ZZ6031PV11SQ6V8,Date of Birth:2015-01-13,Grade Level:3,Parent/Guardian Name:Jennifer Turner,Parent Phone Number:(623)-409-4614,Parent Email:jennifer.turner@yahoo.com,Emergency Contact (If parent can't be reached):Brenda Wilson,Emergency Contact Phone Number:(869)-181-4949,Shirt Size:Youth Medium,Short Size:Youth Medium,I have read the Athletic Agreement:Yes,I have read the Athletic Uniform and Equipment agreement:Yes
10/24/2024 01:14:11 PM,J2H949NBH1DM9J1,HMGND4CDKX23NCN,"Lee, Victoria",Athletics,CYO Basketball 24-25 Students-3rd to 8th grade,,,"Lee, Taylor",1075,student,UCS-Middle School,7,"Mrs. Z, Rm. S21",School Store,Settled,,,50.00,570980153,10/25/2024 01:28:00 AM,,Website,,ZZ6031PV11SQ6V8,Date of Birth:2012-06-09,Grade Level:7,Parent/Guardian Name:Victoria Lee,Parent Phone Number:(321)-905-4455,Parent Email:victoria.lee@yahoo.com,Emergency Contact (If parent can't be reached):Mario Trujillo,Emergency Contact Phone Number:(729)-429-8411,Shirt Size:Adult Large,Short Size:Adult Large,I have read the Athletic Agreement:Yes,I have read the Athletic Uniform and Equipment agreement:Yes
10/25/2024 11:20:45 AM,M1OE73I5HKCR6PQ,KKYLL4TQ6L19FGC,"Jones, Samantha",Athletics,CYO Basketball 24-25 Students-3rd to 8th grade,,,"Jones, Riley",1076,student,UCS-Elementary,3,"Ms. B, Rm. S59",School Store,Settled,,,50.00,571353086,10/26/2024 12:59:00 AM,,Website,,ZZ6031PV11SQ6V8,Date of Birth:2010-08-12,Grade Level:3,Parent/Guardian Name:Samantha Jones,Parent Phone Number:(763)-516-6673,Parent Email:samantha.jones@hotmail.com,Emergency Contact (If parent can't be reached):Michael Jones,Emergency Contact Phone Number:(144)-957-8144,Shirt Size:Youth Small,Short Size:Youth Small,I have read the Athletic Agreement:Yes,I have read the Athletic Uniform and Equipment agreement:Yes
10/25/2024 11:20:51 AM,9336YE45D481JZ5,IW4U1I931NPA3S8,"Dalton, Judith",Athletics,CYO Basketball 24-25 Students-3rd to 8th grade,,,"Dalton, Riley",1077,student,UCS-Middle School,8,"Mrs. Z, Rm. S22",School Store,Settled,,,50.00,571353086,10/26/2024 12:59:00 AM,,Website,,ZZ6031PV11SQ6V8,Date of Birth:2011-08-16,Grade Level:8,Parent/Guardian Name:Judith Dalton,Parent Phone Number:(202)-397-4510,Parent Email:judith.dalton@hotmail.com,Emergency Contact (If parent can't be reached):Lisa Mcdaniel,Emergency Contact Phone Number:(247)-933-9810,Shirt Size:Youth Large,Short Size:Youth Large,I have read the Athletic Agreement:Yes,I have read the Athletic Uniform and Equipment agreement:Yes
10/25/2024 11:21:04 AM,DZGGEKEUPBTHBPQ,OUUY3LO8VC7ZNAL,"Miller, George",Athletics,CYO Basketball 24-25 Students-3rd to 8th grade,,,"Miller, Lennon",1078,student,UCS-Middle School,7,"Mrs. Z, Rm. S21",School Store,Settled,,,50.00,571353086,10/26/2024 12:59:00 AM,,Website,,ZZ6031PV11SQ6V8,Date of Birth:2014-05-20,Grade Level:7,Parent/Guardian Name:George Miller,Parent Phone Number:(980)-162-3588,Parent Email:george.miller@hotmail.com,Emergency Contact (If parent can't be reached):Christine Frey,Emergency Contact Phone Number:(615)-360-4667,Shirt Size:Youth XLarge,Short Size:Youth XL,I have read the Athletic Agreement:Yes,I have read the Athletic Uniform and Equipment agreement:Yes
10/25/2024 11:21:04 AM,DZGGEKEUPBTHBPQ,OUUY3LO8VC7ZNAL,"Martin, Maurice",Athletics,CYO Basketball 24-25 Students-3rd to 8th grade,,,"Martin, Jordan",1079,student,UCS-Elementary,3,"Ms. W, Rm. S57",School Store,Settled,,,50.00,571353086,10/26/2024 12:59:00 AM,,Website,,ZZ6031PV11SQ6V8,Date of Birth:2011-08-19,Grade Level:3,Parent/Guardian Name:Maurice Martin,Parent Phone Number:(139)-766-2674,Parent Email:maurice.martin@hotmail.com,Emergency Contact (If parent can't be reached):Charles Evans,Emergency Contact Phone Number:(221)-479-5826,Shirt Size:Youth Medium,Short Size:Youth Medium,I have read the Athletic Agreement:Yes,I have read the Athletic Uniform and Equipment agreement:Yes
10/25/2024 11:21:12 AM,1BVXSN5V592D04X,1HHK62H5OE7T1BS,"Gonzales, Roger",Athletics,CYO Basketball 24-25 Students-3rd to 8th grade,,,"Gonzales, Quinn",1080,student,UCS-Middle School,7,"Ms. D, Rm. S37",School Store,Settled,,,50.00,571353086,10/26/2024 12:59:00 AM,,Website,,ZZ6031PV11SQ6V8,Date of Birth:2011-05-30,Grade Level:7,Parent/Guardian Name:Roger Gonzales,Parent Phone Number:(910)-732-9726,Parent Email:roger.gonzales@hotmail.com,Emergency Contact (If parent can't be reached):Shannon Mitchell,Emergency Contact Phone Number:(815)-357-5406,Shirt Size:Youth XLarge,Short Size:Youth Large,I have read the Athletic Agreement:Yes,I have read the Athletic Uniform and Equipment agreement:Yes
10/25/2024 11:21:20 AM,CUXQUSO7PD8F34K,S4B7XN5ZHHW0DLV,"Alvarado, Ann",Athletics,CYO Basketball 24-25 Students-3rd to 8th grade,,,"Alvarado, Sawyer",1081,student,UCS-Middle School,7,"Mr. L, Rm. S9",School Store,Settled,,,50.00,571353086,10/26/2024 12:59:00 AM,,Website,,ZZ6031PV11SQ6V8,Date of Birth:2011-01-19,Grade Level:7,Parent/Guardian Name:Ann Alvarado,Parent Phone Number:(475)-900-9155,Parent Email:ann.alvarado@gmail.com,Emergency Contact (If parent can't be reached):Erica Yates,Emergency Contact Phone Number:(200)-579-6528,Shirt Size:Adult Small,Short Size:Adult Small,I have read the Athletic Agreement:Yes,I have read the Athletic Uniform and Equipment agreement:Yes
10/25/2024 02:46:41 PM,1XFC6N8LLBEIRAO,6EZA4HO6VO0WKPF,"Campbell, Stephen",Athletics,CYO Basketball 24-25 Students-3rd to 8th grade,,,"Campbell, Phoenix",1082,student,UCS-Elementary,5,"Mrs. N, Rm. S54",School Store,Settled,,,50.00,571353086,10/26/2024 12:59:00 AM,,Parent App,,ZZ6031PV11SQ6V8,Date of Birth:2013-05-10,Grade Level:5,Parent/Guardian Name:Stephen Campbell,Parent Phone Number:(388)-740-5466,Parent Email:stephen.campbell@gmail.com,Emergency Contact (If parent can't be reached):Amanda Carter,Emergency Contact Phone Number:(152)-669-5716,Shirt Size:Youth Large,Short Size:Youth Large,I have read the Athletic Agreement:Yes,I have read the Athletic Uniform and Equipment agreement:Yes
10/28/2024 02:27:14 PM,389TE544TVVNJCL,X621RNNX2YWTH3R,"Andrade, Timothy",Athletics,CYO Basketball 24-25 Students-3rd to 8th grade,,,"Andrade, Jordan",1083,student,UCS-Middle School,6,"Mrs. S, Rm. S30",School Store,Settled,,,50.00,572310669,10/29/2024 12:59:00 AM,,Parent App,,ZZ6031PV11SQ6V8,Date of Birth:2013-11-19,Grade Level:6,Parent/Guardian Name:Timothy Andrade,Parent Phone Number:(573)-832-1245,Parent Email:timothy.andrade@hotmail.com,Emergency Contact (If parent can't be reached):Brandon Ramirez,Emergency Contact Phone Number:(968)-218-5303,Shirt Size:Adult Large,Short Size:Adult Medium,I have read the Athletic Agreement:Yes,I have read the Athletic Uniform and Equipment agreement:Yes
10/28/2024 02:27:14 PM,389TE544TVVNJCL,X621RNNX2YWTH3R,"Love, Dale",Athletics,CYO Basketball 24-25 Students-3rd to 8th grade,,,"Love, Casey",1084,student,UCS-Elementary,4,"Mrs. O, Rm. S51",School Store,Settled,,,50.00,572310669,10/29/2024 12:59:00 AM,,Parent App,,ZZ6031PV11SQ6V8,Date of Birth:2015-06-27,Grade Level:4,Parent/Guardian Name:Dale Love,Parent Phone Number:(707)-886-8082,Parent Email:dale.love@yahoo.com,Emergency Contact (If parent can't be reached):Emily Allen,Emergency Contact Phone Number:(514)-937-4948,Shirt Size:Youth Large,Short Size:Youth Large,I have read the Athletic Agreement:Yes,I have read the Athletic Uniform and Equipment agreement:Yes
10/28/2024 02:27:26 PM,GCWML5K1DN4HQ1A,6WQLCEAUL2O8QCE,"Riddle, Jennifer",Athletics,CYO Basketball 24-25 Students-3rd to 8th grade,,,"Riddle, Sawyer",1085,student,UCS-Elementary,5,"Mrs. N, Rm. S54",School Store,Settled,,,50.00,572310669,10/29/2024 12:59:00 AM,,Website,,ZZ6031PV11SQ6V8,Date of Birth:2012-04-02,Grade Level:5,Parent/Guardian Name:Jennifer Riddle,Parent Phone Number:(511)-469-9802,Parent Email:jennifer.riddle@hotmail.com,Emergency Contact (If parent can't be reached):Barbara Vasquez,Emergency Contact Phone Number:(314)-478-7738,Shirt Size:Youth Medium,Short Size:Youth Medium,I have read the Athletic Agreement:Yes,I have read the Athletic Uniform and Equipment agreement:Yes
10/28/2024 02:27:41 PM,FWZZTC1SE3CDNKS,DQE5M3QVX942FYC,"Lewis, Andrea",Athletics,CYO Basketball 24-25 Students-3rd to 8th grade,,,"Lewis, Alex",1086,student,UCS-Middle School,7,"Mr. G, Rm. S6",School Store,Settled,,,50.00,572310669,10/29/2024 12:59:00 AM,,Website,,ZZ6031PV11SQ6V8,Date of Birth:2011-01-06,Grade Level:7,Parent/Guardian Name:Andrea Lewis,Parent Phone Number:(883)-603-4982,Parent Email:andrea.lewis@gmail.com,Emergency Contact (If parent can't be reached):Michelle Palmer,Emergency Contact Phone Number:(651)-308-7669,Shirt Size:Adult Small,Short Size:Adult Small,I have read the Athletic Agreement:Yes,I have read the Athletic Uniform and Equipment agreement:Yes
10/28/2024 02:27:41 PM,FWZZTC1SE3CDNKS,DQE5M3QVX942FYC,"Lara, Joseph",Athletics,CYO Basketball 24-25 Students-3rd to 8th grade,,,"Lara, Rowan",1087,student,UCS-Middle School,6,"Mr. L, Rm. S3",School Store,Settled,,,50.00,572310669,10/29/2024 12:59:00 AM,,Website,,ZZ6031PV11SQ6V8,Date of Birth:2012-03-22,Grade Level:6,Parent/Guardian Name:Joseph Lara,Parent Phone Number:(239)-989-9572,Parent Email:joseph.lara@hotmail.com,Emergency Contact (If parent can't be reached):Stephen Haley,Emergency Contact Phone Number:(250)-555-6456,Shirt Size:Youth Large,Short Size:Youth Large,I have read the Athletic Agreement:Yes,I have read the Athletic Uniform and Equipment agreement:Yes
10/28/2024 02:28:01 PM,215GE7USQZ34G1V,EZHQM2K7WNLGKS8,"Brown, Peggy",Athletics,CYO Basketball 24-25 Students-3rd to 8th grade,,,"Brown, Taylor",1088,student,UCS-Middle School,7,"Mrs. A, Rm. S42",School Store,Settled,,,50.00,572310669,10/29/2024 12:59:00 AM,,Website,,ZZ6031PV11SQ6V8,Date of Birth:2012-08-08,Grade Level:7,Parent/Guardian Name:Peggy Brown,Parent Phone Number:(326)-791-5077,Parent Email:peggy.brown@hotmail.com,Emergency Contact (If parent can't be reached):Paul Mcmahon,Emergency Contact Phone Number:(994)-373-3615,Shirt Size:Adult Medium,Short Size:Adult Medium,I have read the Athletic Agreement:Yes,I have read the Athletic Uniform and Equipment agreement:Yes
10/28/2024 02:28:13 PM,LB48EMQWTOBG0YW,CUY6M9KMK3NGYOL,"Bell, Shannon",Athletics,CYO Basketball 24-25 Students-3rd to 8th grade,,,"Bell, Taylor",1089,student,UCS-Middle School,7,"Mr. G, Rm. S4",School Store,Settled,,,50.00,572310669,10/29/2024 12:59:00 AM,,Website,,ZZ6031PV11SQ6V8,Date of Birth:2015-07-23,Grade Level:7,Parent/Guardian Name:Shannon Bell,Parent Phone Number:(947)-957-2678,Parent Email:shannon.bell@yahoo.com,Emergency Contact (If parent can't be reached):Brian Cox,Emergency Contact Phone Number:(694)-752-7343,Shirt Size:Youth Large,Short Size:Adult Small,I have read the Athletic Agreement:Yes,I have read the Athletic Uniform and Equipment agreement:Yes
10/28/2024 02:28:13 PM,LB48EMQWTOBG0YW,CUY6M9KMK3NGYOL,"Johnson, Frank",Athletics,CYO Basketball 24-25 Students-3rd to 8th grade,,,"Johnson, Tatum",1090,student,UCS-Middle School,8,"Mr. L, Rm. S10",School Store,Settled,,,50.00,572310669,10/29/2024 12:59:00 AM,,Website,,ZZ6031PV11SQ6V8,Date of Birth:2010-10-25,Grade Level:8,Parent/Guardian Name:Frank Johnson,Parent Phone Number:(482)-884-2464,Parent Email:frank.johnson@yahoo.com,Emergency Contact (If parent can't be reached):Jennifer Brown,Emergency Contact Phone Number:(938)-329-4129,Shirt Size:Adult Small,Short Size:Adult Medium,I have read the Athletic Agreement:Yes,I have read the Athletic Uniform and Equipment agreement:Yes
10/28/2024 02:28:22 PM,8YLXYAU7UJS4ZFE,J61I0MDYOC9KGT2,"Morales, Autumn",Athletics,CYO Basketball 24-25 Students-3rd to 8th grade,,,"Morales, Marley",1091,student,UCS-Elementary,3,"Ms. B, Rm. S59",School Store,Settled,,,50.00,572310669,10/29/2024 12:59:00 AM,,Website,,ZZ6031PV11SQ6V8,Date of Birth:2012-04-22,Grade Level:3,Parent/Guardian Name:Autumn Morales,Parent Phone Number:(886)-454-6092,Parent Email:autumn.morales@gmail.com,Emergency Contact (If parent can't be reached):Anita Martinez,Emergency Contact Phone Number:(635)-369-8783,Shirt Size:Youth Medium,Short Size:Youth Medium,I have read the Athletic Agreement:Yes,I have read the Athletic Uniform and Equipment agreement:Yes
10/28/2024 02:28:22 PM,8YLXYAU7UJS4ZFE,J61I0MDYOC9KGT2,"Perry, Kelly",Athletics,CYO Basketball 24-25 Students-3rd to 8th grade,,,"Perry, Rowan",1092,student,UCS-Middle School,8,"Mrs. Z, Rm. S23",School Store,Settled,,,50.00,572310669,10/29/2024 12:59:00 AM,,Website,,ZZ6031PV11SQ6V8,Date of Birth:2013-01-20,Grade Level:8,Parent/Guardian Name:Kelly Perry,Parent Phone Number:(856)-286-6350,Parent Email:kelly.perry@hotmail.com,Emergency Contact (If parent can't be reached):Tonya Richard,Emergency Contact Phone Number:(989)-378-6424,Shirt Size:Adult Medium,Short Size:Adult Medium,I have read the Athletic Agreement:Yes,I have read the Athletic Uniform and Equipment agreement:Yes
10/28/2024 02:28:22 PM,8YLXYAU7UJS4ZFE,J61I0MDYOC9KGT2,"Martinez, Brianna",Athletics,CYO Basketball 24-25 Students-3rd to 8th grade,,,"Martinez, Phoenix",1093,student,UCS-Middle School,7,"Mrs. H, Rm. S35",School Store,Settled,,,50.00,572310669,10/29/2024 12:59:00 AM,,Website,,ZZ6031PV11SQ6V8,Date of Birth:2010-10-28,Grade Level:7,Parent/Guardian Name:Brianna Martinez,Parent Phone Number:(976)-441-7544,Parent Email:brianna.martinez@yahoo.com,Emergency Contact (If parent can't be reached):Bob Ellison,Emergency Contact Phone Number:(480)-980-6894,Shirt Size:Youth Large,Short Size:Youth Large,I have read the Athletic Agreement:Yes,I have read the Athletic Uniform and Equipment agreement:Yes
10/28/2024 02:28:30 PM,TNT69EQC5K2TCF8,MRKSRR35170J377,"Chan, Joseph",Athletics,CYO Basketball 24-25 Students-3rd to 8th grade,,,"Chan, River",1094,student,UCS-Middle School,6,"Mr. L, Rm. S1",School Store,Settled,,,50.00,572310669,10/29/2024 12:59:00 AM,,Website,,ZZ6031PV11SQ6V8,Date of Birth:2015-08-07,Grade Level:6,Parent/Guardian Name:Joseph Chan,Parent Phone Number:(881)-925-7321,Parent Email:joseph.chan@yahoo.com,Emergency Contact (If parent can't be reached):Ashley Edwards,Emergency Contact Phone Number:(482)-863-3673,Shirt Size:Youth Large,Short Size:Youth Large,I have read the Athletic Agreement:Yes,I have read the Athletic Uniform and Equipment agreement:Yes
10/28/2024 02:28:38 PM,ZHEWSIQK2CAJ4XO,4NBQL6K2QQMYOUG,"Wallace, Cynthia",Athletics,CYO Basketball 24-25 Students-3rd to 8th grade,,,"Wallace, Cameron",1095,student,UCS-Middle School,8,"Ms. D, Rm. S39",School Store,Settled,settled,,50.00,8182117,11/05/2024 07:00:00 AM,,Website,,ZZ6031PV11SQ6V8,Date of Birth:2013-12-28,Grade Level:8,Parent/Guardian Name:Cynthia Wallace,Parent Phone Number:(773)-886-2839,Parent Email:cynthia.wallace@hotmail.com,Emergency Contact (If parent can't be reached):Travis Hamilton,Emergency Contact Phone Number:(363)-226-1408,Shirt Size:Adult Large,Short Size:Adult Medium,I have read the Athletic Agreement:Yes,I have read the Athletic Uniform and Equipment agreement:Yes
10/28/2024 02:28:53 PM,6HPI3FMHXT2SP9K,OM01WISRCI90J1P,"Decker, Jason",Athletics,CYO Basketball 24-25 Students-3rd to 8th grade,,,"Decker, Tatum",1096,student,UCS-Elementary,5,"Mrs. N, Rm. S54",School Store,Settled,,,50.00,572310669,10/29/2024 12:59:00 AM,,Website,,ZZ6031PV11SQ6V8,Date of Birth:2014-05-12,Grade Level:5,Parent/Guardian Name:Jason Decker,Parent Phone Number:(188)-390-3662,Parent Email:jason.decker@yahoo.com,Emergency Contact (If parent can't be reached):Kelly Graves,Emergency Contact Phone Number:(994)-456-7779,Shirt Size:Youth XLarge,Short Size:Youth XL,I have read the Athletic Agreement:Yes,I have read the Athletic Uniform and Equipment agreement:Yes
10/28/2024 02:29:08 PM,PF580U398JA867V,1CL7F878P5FR49V,"Price, Jo",Athletics,CYO Basketball 24-25 Students-3rd to 8th grade,,,"Price, Tatum",1097,student,UCS-Elementary,5,"Ms. Y, Rm. S53",School Store,Settled,,,50.00,572310669,10/29/2024 12:59:00 AM,,Website,,ZZ6031PV11SQ6V8,Date of Birth:2011-10-31,Grade Level:5,Parent/Guardian Name:Jo Price,Parent Phone Number:(803)-848-2087,Parent Email:jo.price@hotmail.com,Emergency Contact (If parent can't be reached):Crystal Perez,Emergency Contact Phone Number:(853)-980-6180,Shirt Size:Youth Large,Short Size:Youth Large,I have read the Athletic Agreement:Yes,I have read the Athletic Uniform and Equipment agreement:Yes
10/28/2024 02:29:40 PM,BFHJ8367OIYBNDL,DZH6SVSI2MASM6L,"Day, Aaron",Athletics,CYO Basketball 24-25 Students-3rd to 8th grade,,,"Day, Taylor",1098,student,UCS-Middle School,7,"Mrs. R, Rm. S14",School Store,Settled,,,50.00,572310669,10/29/2024 12:59:00 AM,,Website,,ZZ6031PV11SQ6V8,Date of Birth:2014-01-13,Grade Level:7,Parent/Guardian Name:Aaron Day,Parent Phone Number:(326)-321-1958,Parent Email:aaron.day@hotmail.com,Emergency Contact (If parent can't be reached):John Mckenzie,Emergency Contact Phone Number:(325)-391-9713,Shirt Size:Youth XLarge,Short Size:Youth XL,I have read the Athletic Agreement:Yes,I have read the Athletic Uniform and Equipment agreement:Yes
10/28/2024 02:38:59 PM,065147UWKET57VU,A5GV8JSVUX9653I,"Clark, Mark",Athletics,CYO Basketball 24-25 Students-3rd to 8th grade,,,"Clark, Casey",1099,student,UCS-Middle School,6,"Mrs. R, Rm. S12",School Store,Settled,,,50.00,572310669,10/29/2024 12:59:00 AM,,Website,,ZZ6031PV11SQ6V8,Date of Birth:2015-04-17,Grade Level:6,Parent/Guardian Name:Mark Clark,Parent Phone Number:(640)-255-2302,Parent Email:mark.clark@hotmail.com,Emergency Contact (If parent can't be reached):Tracy Bonilla,Emergency Contact Phone Number:(357)-731-4924,Shirt Size:Adult Small,Short Size:Adult Medium,I have read the Athletic Agreement:Yes,I have read the Athletic Uniform and Equipment agreement:Yes
10/28/2024 02:39:11 PM,8NZMII4I43FDL3L,HT51218OIJBBN8A,"Dalton, Robin",Athletics,CYO Basketball 24-25 Students-3rd to 8th grade,,,"Dalton, Riley",1100,student,UCS-Middle School,6,"Mr. G, Rm. S7",School Store,Settled,,,50.00,572310669,10/29/2024 12:59:00 AM,,Website,,ZZ6031PV11SQ6V8,Date of Birth:2013-07-21,Grade Level:6,Parent/Guardian Name:Robin Dalton,Parent Phone Number:(320)-188-3318,Parent Email:robin.dalton@gmail.com,Emergency Contact (If parent can't be reached):Dennis Ortiz,Emergency Contact Phone Number:(425)-279-9732,Shirt Size:Adult XL,Short Size:Adult XL,I have read the Athletic Agreement:Yes,I have read the Athletic Uniform and Equipment agreement:Yes
10/28/2024 02:39:11 PM,8NZMII4I43FDL3L,HT51218OIJBBN8A,"Sanchez, Jennifer",Athletics,CYO Basketball 24-25 Students-3rd to 8th grade,,,"Sanchez, Marley",1101,student,UCS-Middle School,7,"Mrs. S, Rm. S31",School Store,Settled,,,50.00,572310669,10/29/2024 12:59:00 AM,,Website,,ZZ6031PV11SQ6V8,Date of Birth:2014-06-17,Grade Level:7,Parent/Guardian Name:Jennifer Sanchez,Parent Phone Number:(528)-176-2733,Parent Email:jennifer.sanchez@hotmail.com,Emergency Contact (If parent can't be reached):Michele Hubbard,Emergency Contact Phone Number:(710)-108-7072,Shirt Size:Adult Large,Short Size:Adult Large,I have read the Athletic Agreement:Yes,I have read the Athletic Uniform and Equipment agreement:Yes
10/28/2024 02:39:23 PM,LRNKONYS6IB4I57,GX20ZJ6PY8H9VWR,"Martinez, Melissa",Athletics,CYO Basketball 24-25 Students-3rd to 8th grade,,,"Martinez, Casey",1102,student,UCS-Elementary,5,"Mrs. I, Rm. S55",School Store,Settled,,,50.00,572310669,10/29/2024 12:59:00 AM,,Website,,ZZ6031PV11SQ6V8,Date of Birth:2012-12-02,Grade Level:5,Parent/Guardian Name:Melissa Martinez,Parent Phone Number:(969)-834-3530,Parent Email:melissa.martinez@yahoo.com,Emergency Contact (If parent can't be reached):Jennifer Page,Emergency Contact Phone Number:(182)-891-9257,Shirt Size:Youth XLarge,Short Size:Youth XL,I have read the Athletic Agreement:Yes,I have read the Athletic Uniform and Equipment agreement:Yes
10/28/2024 02:39:23 PM,LRNKONYS6IB4I57,GX20ZJ6PY8H9VWR,"Wilson, Ralph",Athletics,CYO Basketball 24-25 Students-3rd to 8th grade,,,"Wilson, Avery",1103,student,UCS-Elementary,3,"Ms. C, Rm. S50",School Store,Settled,,,50.00,572310669,10/29/2024 12:59:00 AM,,Website,,ZZ6031PV11SQ6V8,Date of Birth:2012-07-05,Grade Level:3,Parent/Guardian Name:Ralph Wilson,Parent Phone Number:(938)-812-6832,Parent Email:ralph.wilson@gmail.com,Emergency Contact (If parent can't be reached):Danny West,Emergency Contact Phone Number:(378)-442-7074,Shirt Size:Youth Medium,Short Size:Youth Medium,I have read the Athletic Agreement:Yes,I have read the Athletic Uniform and Equipment agreement:Yes
10/28/2024 03:16:16 PM,F2O8CLW4VAM0WLF,K1DX1NBNAKBM4MF,"Ortega, Patrick",Athletics,CYO Basketball 24-25 Students-3rd to 8th grade,,,"Ortega, Cameron",1104,student,UCS-Middle School,7,"Mrs. Z, Rm. S19",School Store,Settled,,,50.00,572310669,10/29/2024 12:59:00 AM,,Website,,ZZ6031PV11SQ6V8,Date of Birth:2011-09-21,Grade Level:7,Parent/Guardian Name:Patrick Ortega,Parent Phone Number:(392)-877-6717,Parent Email:patrick.ortega@gmail.com,Emergency Contact (If parent can't be reached):William Armstrong,Emergency Contact Phone Number:(135)-833-4523,Shirt Size:Adult XL,Short Size:Adult XL,I have read the Athletic Agreement:Yes,I have read the Athletic Uniform and Equipment agreement:Yes
10/29/2024 09:00:32 AM,DSOZV2BVRY8PEIS,94F6V2S1WPNHGNZ,"White, April",Athletics,CYO Basketball 24-25 Students-3rd to 8th grade,,,"White, Cameron",1105,student,UCS-Middle School,6,"Mr. H, Rm. S25",School Store,Settled,,,50.00,572727069,10/30/2024 01:01:00 AM,,Website,,ZZ6031PV11SQ6V8,Date of Birth:2012-03-14,Grade Level:6,Parent/Guardian Name:April White,Parent Phone Number:(782)-181-3534,Parent Email:april.white@gmail.com,Emergency Contact (If parent can't be reached):Jeremy Wood,Emergency Contact Phone Number:(702)-952-1266,Shirt Size:Youth Medium,Short Size:Youth Medium,I have read the Athletic Agreement:Yes,I have read the Athletic Uniform and Equipment agreement:Yes
10/29/2024 09:00:40 AM,W9J44QQ6AIKASGA,YT3XIOVE2MYJZVO,"Gonzales, Adam",Athletics,CYO Basketball 24-25 Students-3rd to 8th grade,,,"Gonzales, Finley",1106,student,UCS-Middle School,8,"Mrs. R, Rm. S16",School Store,Settled,,,50.00,572727069,10/30/2024 01:01:00 AM,,Website,,ZZ6031PV11SQ6V8,Date of Birth:2012-07-04,Grade Level:8,Parent/Guardian Name:Adam Gonzales,Parent Phone Number:(275)-866-9467,Parent Email:adam.gonzales@yahoo.com,Emergency Contact (If parent can't be reached):Steven Butler,Emergency Contact Phone Number:(682)-988-1403,Shirt Size:Adult Large,Short Size:Adult Large,I have read the Athletic Agreement:Yes,I have read the Athletic Uniform and Equipment agreement:Yes
10/29/2024 09:00:47 AM,X1EJZNMRQIJQIOF,R1C1TYJCYFIV78V,"Sexton, Michael",Athletics,CYO Basketball 24-25 Students-3rd to 8th grade,,,"Sexton, Morgan",1107,student,UCS-Middle School,6,"Mr. H, Rm. S24",School Store,Settled,,,50.00,572727069,10/30/2024 01:01:00 AM,,Website,,ZZ6031PV11SQ6V8,Date of Birth:2014-01-30,Grade Level:6,Parent/Guardian Name:Michael Sexton,Parent Phone Number:(514)-925-2831,Parent Email:michael.sexton@gmail.com,Emergency Contact (If parent can't be reached):David Martinez,Emergency Contact Phone Number:(708)-337-4296,Shirt Size:Youth Large,Short Size:Youth Medium,I have read the Athletic Agreement:Yes,I have read the Athletic Uniform and Equipment agreement:Yes
10/29/2024 09:01:02 AM,T4T397MG7LIYIVU,4Y6P079YWJM4E8N,"Escobar, Crystal",Athletics,CYO Basketball 24-25 Students-3rd to 8th grade,,,"Escobar, Drew",1108,student,UCS-Middle School,6,"Mrs. Z, Rm. S18",School Store,Settled,,,50.00,572727069,10/30/2024 01:01:00 AM,,Website,,ZZ6031PV11SQ6V8,Date of Birth:2014-01-29,Grade Level:6,Parent/Guardian Name:Crystal Escobar,Parent Phone Number:(597)-273-3121,Parent Email:crystal.escobar@hotmail.com,Emergency Contact (If parent can't be reached):Nicholas Mullins,Emergency Contact Phone Number:(574)-594-2478,Shirt Size:Youth Large,Short Size:Youth Large,I have read the Athletic Agreement:Yes,I have read the Athletic Uniform and Equipment agreement:Yes
10/30/2024 09:13:41 AM,FTKA3ULFBW7ROBJ,B0M21MDARO05AZB,"Burns, Monica",Athletics,CYO Basketball 24-25 Students-3rd to 8th grade,,,"Burns, Logan",1109,student,UCS-Elementary,4,"Ms. C, Rm. S52",School Store,Settled,,,50.00,573118949,10/31/2024 01:13:00 AM,,Website,,ZZ6031PV11SQ6V8,Date of Birth:2012-03-10,Grade Level:4,Parent/Guardian Name:Monica Burns,Parent Phone Number:(944)-288-4681,Parent Email:monica.burns@yahoo.com,Emergency Contact (If parent can't be reached):Roger Dudley,Emergency Contact Phone Number:(485)-731-6059,Shirt Size:Youth XLarge,Short Size:Youth Large,I have read the Athletic Agreement:Yes,I have read the Athletic Uniform and Equipment agreement:Yes
10/30/2024 09:13:54 AM,PS4JG7XTBTOB1Z0,LV65N5MQMKA5UJE,"Henry, Susan",Athletics,CYO Basketball 24-25 Students-3rd to 8th grade,,,"Henry, Sawyer",1110,student,UCS-Middle School,6,"Mrs. A, Rm. S41",School Store,Settled,,,50.00,573118949,10/31/2024 01:13:00 AM,,Website,,ZZ6031PV11SQ6V8,Date of Birth:2012-12-28,Grade Level:6,Parent/Guardian Name:Susan Henry,Parent Phone Number:(115)-343-4557,Parent Email:susan.henry@hotmail.com,Emergency Contact (If parent can't be reached):David Bauer,Emergency Contact Phone Number:(519)-579-1260,Shirt Size:Youth Medium,Short Size:Youth Medium,I have read the Athletic Agreement:Yes,I have read the Athletic Uniform and Equipment agreement:Yes
10/30/2024 09:14:07 AM,39T7ZF57C60JHJK,RC1HIL4SDDBPEGC,"Dudley, David",Athletics,CYO Basketball 24-25 Students-3rd to 8th grade,,,"Dudley, Skyler",1111,student,UCS-Elementary,5,"Mrs. N, Rm. S54",School Store,Settled,,,50.00,573118949,10/31/2024 01:13:00 AM,,Website,,ZZ6031PV11SQ6V8,Date of Birth:2014-02-23,Grade Level:5,Parent/Guardian Name:David Dudley,Parent Phone Number:(312)-406-6234,Parent Email:david.dudley@gmail.com,Emergency Contact (If parent can't be reached):Natalie Robinson,Emergency Contact Phone Number:(541)-163-3537,Shirt Size:Adult Small,Short Size:Adult Small,I have read the Athletic Agreement:Yes,I have read the Athletic Uniform and Equipment agreement:Yes
10/30/2024 01:45:27 PM,0TCVGDVCIMESVJG,5ETMNMFUY25N8IU,"Glenn, Ellen",Athletics,CYO Basketball 24-25 Students-3rd to 8th grade,,,"Glenn, Marley",1112,student,UCS-Middle School,7,"Mr. L, Rm. S9",School Store,Settled,,,50.00,573118949,10/31/2024 01:13:00 AM,,Website,,ZZ6031PV11SQ6V8,Date of Birth:2015-01-14,Grade Level:7,Parent/Guardian Name:Ellen Glenn,Parent Phone Number:(495)-992-3228,Parent Email:ellen.glenn@gmail.com,Emergency Contact (If parent can't be reached):Jonathan Townsend,Emergency Contact Phone Number:(670)-359-3466,Shirt Size:Adult Small,Short Size:Adult Small,I have read the Athletic Agreement:Yes,I have read the Athletic Uniform and Equipment agreement:Yes
10/31/2024 08:41:55 AM,2ASB8SO12EBADG3,R9XE7ISQHEPXH20,"Rivera, Danny",Athletics,CYO Basketball 24-25 Students-3rd to 8th grade,,,"Rivera, Lennon",1113,student,UCS-Elementary,3,"Ms. B, Rm. S59",School Store,Settled,,,50.00,573465605,11/01/2024 12:58:00 AM,,Website,,ZZ6031PV11SQ6V8,Date of Birth:2015-03-09,Grade Level:3,Parent/Guardian Name:Danny Rivera,Parent Phone Number:(313)-145-5814,Parent Email:danny.rivera@hotmail.com,Emergency Contact (If parent can't be reached):Brandon Rivera,Emergency Contact Phone Number:(468)-232-9128,Shirt Size:Youth Medium,Short Size:Youth Medium,I have read the Athletic Agreement:Yes,I have read the Athletic Uniform and Equipment agreement:Yes
10/31/2024 08:42:14 AM,MJK7CS2PAV25KWX,6X3W82NBAJCKXYA,"Martinez, Nicole",Athletics,CYO Basketball 24-25 Students-3rd to 8th grade,,,"Martinez, Finley",1114,student,UCS-Middle School,7,"Mr. G, Rm. S6",School Store,Settled,,,50.00,573465605,11/01/2024 12:58:00 AM,,Website,,ZZ6031PV11SQ6V8,Date of Birth:2011-01-08,Grade Level:7,Parent/Guardian Name:Nicole Martinez,Parent Phone Number:(108)-374-8789,Parent Email:nicole.martinez@hotmail.com,Emergency Contact (If parent can't be reached):Karen Johnson,Emergency Contact Phone Number:(285)-334-4085,Shirt Size:Adult Medium,Short Size:Adult Medium,I have read the Athletic Agreement:Yes,I have read the Athletic Uniform and Equipment agreement:Yes
11/01/2024 10:20:35 AM,A3ENJKLDD0KLIN6,EE7TIAKWCL3NXYG,"Craig, Amanda",Athletics,CYO Basketball 24-25 Students-3rd to 8th grade,,,"Craig, Finley",1115,student,UCS-Middle School,8,"Mrs. S, Rm. S32",School Store,Settled,,,50.00,573904932,11/02/2024 01:03:00 AM,,Website,,ZZ6031PV11SQ6V8,Date of Birth:2012-08-21,Grade Level:8,Parent/Guardian Name:Amanda Craig,Parent Phone Number:(963)-804-5286,Parent Email:amanda.craig@gmail.com,Emergency Contact (If parent can't be reached):Sarah Taylor,Emergency Contact Phone Number:(214)-383-4320,Shirt Size:Adult Small,Short Size:Adult Small,I have read the Athletic Agreement:Yes,I have read the Athletic Uniform and Equipment agreement:No
11/01/2024 10:20:35 AM,A3ENJKLDD0KLIN6,EE7TIAKWCL3NXYG,"Greene, Carrie",Athletics,CYO Basketball 24-25 Students-3rd to 8th grade,,,"Greene, Taylor",1116,student,UCS-Elementary,4,"Ms. C, Rm. S52",School Store,Settled,,,50.00,573904932,11/02/2024 01:03:00 AM,,Website,,ZZ6031PV11SQ6V8,Date of Birth:2010-12-13,Grade Level:4,Parent/Guardian Name:Carrie Greene,Parent Phone Number:(217)-998-3915,Parent Email:carrie.greene@gmail.com,Emergency Contact (If parent can't be reached):Stacy Rivas,Emergency Contact Phone Number:(508)-584-3486,Shirt Size:Youth Small,Short Size:Youth Small,I have read the Athletic Agreement:Yes,I have read the Athletic Uniform and Equipment agreement:Yes
11/04/2024 02:51:29 PM,BM39ICW5DR7T0E2,JQ9K7Q00UT2EYGL,"Carrillo, Jesse",Athletics,CYO Basketball 24-25 Students-3rd to 8th grade,,,"Carrillo, Marley",1117,student,UCS-Elementary,3,"Ms. C, Rm. S50",School Store,Settled,,,50.00,574860895,11/05/2024 01:00:00 AM,,Website,,ZZ6031PV11SQ6V8,Date of Birth:2012-10-06,Grade Level:3,Parent/Guardian Name:Jesse Carrillo,Parent Phone Number:(456)-970-4631,Parent Email:jesse.carrillo@yahoo.com,Emergency Contact (If parent can't be reached):Cameron Olson,Emergency Contact Phone Number:(257)-428-6895,Shirt Size:Youth Large,Short Size:Youth Large,I have read the Athletic Agreement:Sí,I have read the Athletic Uniform and Equipment agreement:Sí
11/04/2024 03:30:32 PM,RYB6HY89DYHPO9G,X9KCPK2F352JVHX,"Daniels, Cheryl",Athletics,CYO Basketball 24-25 Students-3rd to 8th grade,,,"Daniels, Rowan",1118,student,UCS-Elementary,4,"Ms. L, Rm. S56",School Store,Settled,,,50.00,574860895,11/05/2024 01:00:00 AM,,Website,,ZZ6031PV11SQ6V8,Date of Birth:2014-11-05,Grade Level:4,Parent/Guardian Name:Cheryl Daniels,Parent Phone Number:(337)-338-3528,Parent Email:cheryl.daniels@hotmail.com,Emergency Contact (If parent can't be reached):Joseph Smith,Emergency Contact Phone Number:(738)-464-6327,Shirt Size:Youth Large,Short Size:Youth Large,I have read the Athletic Agreement:Yes,I have read the Athletic Uniform and Equipment agreement:Yes
11/04/2024 03:47:13 PM,4831WWN1ALBHGGM,YGASXEEV2NP1D8P,"Baker, Chris",Athletics,CYO Basketball 24-25 Students-3rd to 8th grade,,,"Baker, Cameron",1119,student,UCS-Elementary,5,"Mrs. I, Rm. S55",School Store,Settled,,,50.00,574860895,11/05/2024 01:00:00 AM,,Website,,ZZ6031PV11SQ6V8,Date of Birth:2010-10-10,Grade Level:5,Parent/Guardian Name:Chris Baker,Parent Phone Number:(222)-647-7232,Parent Email:chris.baker@yahoo.com,Emergency Contact (If parent can't be reached):Stephanie Stevenson,Emergency Contact Phone Number:(901)-931-6086,Shirt Size:Youth Large,Short Size:Youth Large,I have read the Athletic Agreement:Yes,I have read the Athletic Uniform and Equipment agreement:Yes
11/05/2024 08:49:06 AM,2K7XZNNBS8L3MO4,2XAU4AY7OGI1CJ9,"Kim, Dawn",Athletics,CYO Basketball 24-25 Students-3rd to 8th grade,,,"Kim, Lennon",1120,student,UCS-Elementary,5,"Ms. Y, Rm. S53",School Store,Settled,,,50.00,575269299,11/06/2024 12:57:00 AM,,Website,,ZZ6031PV11SQ6V8,Date of Birth:2015-12-03,Grade Level:5,Parent/Guardian Name:Dawn Kim,Parent Phone Number:(768)-665-8162,Parent Email:dawn.kim@gmail.com,Emergency Contact (If parent can't be reached):Ruben Nelson,Emergency Contact Phone Number:(319)-554-9571,Shirt Size:Adult Small,Short Size:Adult Small,I have read the Athletic Agreement:Yes,I have read the Athletic Uniform and Equipment agreement:Yes
11/05/2024 08:49:06 AM,2K7XZNNBS8L3MO4,2XAU4AY7OGI1CJ9,"Williams, Shelly",Athletics,CYO Basketball 24-25 Students-3rd to 8th grade,,,"Williams, Emerson",1121,student,UCS-Elementary,3,"Ms. W, Rm. S57",School Store,Settled,,,50.00,575269299,11/06/2024 12:57:00 AM,,Website,,ZZ6031PV11SQ6V8,Date of Birth:2012-02-21,Grade Level:3,Parent/Guardian Name:Shelly Williams,Parent Phone Number:(528)-791-8004,Parent Email:shelly.williams@yahoo.com,Emergency Contact (If parent can't be reached):Michelle Delacruz,Emergency Contact Phone Number:(890)-476-1788,Shirt Size:Youth Medium,Short Size:Youth Medium,I have read the Athletic Agreement:Yes,I have read the Athletic Uniform and Equipment agreement:Yes
11/05/2024 08:59:42 AM,DPSAQTW70QIV2AT,L79F5FW6ZVKMII2,"Jones, Courtney",Athletics,CYO Basketball 24-25 Students-3rd to 8th grade,,,"Jones, Peyton",1122,student,UCS-Middle School,7,"Mr. H, Rm. S26",School Store,Settled,,,-50.00,575269299,11/06/2024 12:57:00 AM,,Website,,ZZ6031PV11SQ6V8,Date of Birth:2013-12-21,Grade Level:7,Parent/Guardian Name:Courtney Jones,Parent Phone Number:(948)-207-9170,Parent Email:courtney.jones@hotmail.com,Emergency Contact (If parent can't be reached):Kenneth Perez,Emergency Contact Phone Number:(526)-183-7856,Shirt Size:Adult Small,Short Size:Adult Small,I have read the Athletic Agreement:Yes,I have read the Athletic Uniform and Equipment agreement:Yes
11/07/2024 09:00:06 AM,CBOT1F093OARX77,I6V8TNXJLBQUBGG,"Ramirez, Vickie",Athletics,CYO Basketball 24-25 Students-3rd to 8th grade,,,"Ramirez, Lennon",1123,student,UCS-Elementary,4,"Ms. C, Rm. S52",School Store,Approved,Pending,,50.00,8219422,11/07/2024 08:45:00 PM,,Website,,ZZ6031PV11SQ6V8,Date of Birth:2014-02-03,Grade Level:4,Parent/Guardian Name:Vickie Ramirez,Parent Phone Number:(879)-288-6723,Parent Email:vickie.ramirez@yahoo.com,Emergency Contact (If parent can't be reached):Steven Drake,Emergency Contact Phone Number:(263)-203-7855,Shirt Size:Youth Large,Short Size:Youth Large,I have read the Athletic Agreement:Yes,I have read the Athletic Uniform and Equipment agreement:Yes